[095月2026 10:23:08.503] [main/INFO] [cpw.mods.modlauncher.Launcher/MODLAUNCHER]: ModLauncher running: args [--launchTarget, forgeclientuserdev, --version, MOD_DEV, --assetIndex, 5, --assetsDir, C:\Users\19810\.gradle\caches\forge_gradle\assets, --gameDir, ., --fml.forgeVersion, 47.4.0, --fml.mcVersion, 1.20.1, --fml.forgeGroup, net.minecraftforge, --fml.mcpVersion, 20230612.114412, --mixin.config, photon_or_epicfight.mixins.json]
[095月2026 10:23:08.507] [main/INFO] [cpw.mods.modlauncher.Launcher/MODLAUNCHER]: ModLauncher 10.0.9+10.0.9+main.dcd20f30 starting: java version 17.0.15 by Eclipse Adoptium; OS Windows 11 arch amd64 version 10.0
[095月2026 10:23:08.545] [main/DEBUG] [cpw.mods.modlauncher.LaunchServiceHandler/MODLAUNCHER]: Found launch services [fmlclientdev,forgeclient,minecraft,forgegametestserverdev,fmlserveruserdev,fmlclient,fmldatauserdev,forgeserverdev,forgeserveruserdev,forgeclientdev,forgeclientuserdev,forgeserver,forgedatadev,fmlserver,fmlclientuserdev,fmlserverdev,forgedatauserdev,testharness,forgegametestserveruserdev]
[095月2026 10:23:08.559] [main/DEBUG] [cpw.mods.modlauncher.NameMappingServiceHandler/MODLAUNCHER]: Found naming services : [srgtomcp]
[095月2026 10:23:08.574] [main/DEBUG] [cpw.mods.modlauncher.LaunchPluginHandler/MODLAUNCHER]: Found launch plugins: [mixin,eventbus,slf4jfixer,object_holder_definalize,runtime_enum_extender,capability_token_subclass,accesstransformer,runtimedistcleaner]
[095月2026 10:23:08.581] [main/DEBUG] [cpw.mods.modlauncher.TransformationServicesHandler/MODLAUNCHER]: Discovering transformation services
[095月2026 10:23:08.586] [main/DEBUG] [net.minecraftforge.fml.loading.FMLPaths/CORE]: Path GAMEDIR is D:\game\bag\endless\photon or epicfight\run
[095月2026 10:23:08.588] [main/DEBUG] [net.minecraftforge.fml.loading.FMLPaths/CORE]: Path MODSDIR is D:\game\bag\endless\photon or epicfight\run\mods
[095月2026 10:23:08.588] [main/DEBUG] [net.minecraftforge.fml.loading.FMLPaths/CORE]: Path CONFIGDIR is D:\game\bag\endless\photon or epicfight\run\config
[095月2026 10:23:08.588] [main/DEBUG] [net.minecraftforge.fml.loading.FMLPaths/CORE]: Path FMLCONFIG is D:\game\bag\endless\photon or epicfight\run\config\fml.toml
[095月2026 10:23:08.620] [main/DEBUG] [cpw.mods.modlauncher.TransformationServicesHandler/MODLAUNCHER]: Found additional transformation services from discovery services: 
[095月2026 10:23:08.624] [main/INFO] [net.minecraftforge.fml.loading.ImmediateWindowHandler/]: Loading ImmediateWindowProvider fmlearlywindow
[095月2026 10:23:08.773] [main/INFO] [EARLYDISPLAY/]: Trying GL version 4.6
[095月2026 10:23:09.035] [main/INFO] [EARLYDISPLAY/]: Requested GL version 4.6 got version 4.6
[095月2026 10:23:09.063] [main/DEBUG] [cpw.mods.modlauncher.TransformationServicesHandler/MODLAUNCHER]: Found transformer services : [mixin,fml]
[095月2026 10:23:09.065] [main/DEBUG] [cpw.mods.modlauncher.TransformationServicesHandler/MODLAUNCHER]: Transformation services loading
[095月2026 10:23:09.065] [main/DEBUG] [cpw.mods.modlauncher.TransformationServiceDecorator/MODLAUNCHER]: Loading service mixin
[095月2026 10:23:09.065] [main/DEBUG] [cpw.mods.modlauncher.TransformationServiceDecorator/MODLAUNCHER]: Loaded service mixin
[095月2026 10:23:09.065] [main/DEBUG] [cpw.mods.modlauncher.TransformationServiceDecorator/MODLAUNCHER]: Loading service fml
[095月2026 10:23:09.066] [main/DEBUG] [net.minecraftforge.fml.loading.LauncherVersion/CORE]: Found FMLLauncher version 1.0
[095月2026 10:23:09.066] [main/DEBUG] [net.minecraftforge.fml.loading.FMLLoader/CORE]: FML 1.0 loading
[095月2026 10:23:09.066] [main/DEBUG] [net.minecraftforge.fml.loading.FMLLoader/CORE]: FML found ModLauncher version : 10.0.9+10.0.9+main.dcd20f30
[095月2026 10:23:09.066] [main/DEBUG] [net.minecraftforge.fml.loading.FMLLoader/CORE]: Requesting CoreMods to not apply the fix for ASMAPI.findFirstInstructionBefore by default
[095月2026 10:23:09.066] [main/DEBUG] [net.minecraftforge.fml.loading.FMLLoader/CORE]: FML found AccessTransformer version : 8.0.4+66+master.c09db6d7
[095月2026 10:23:09.067] [main/DEBUG] [net.minecraftforge.fml.loading.FMLLoader/CORE]: FML found EventBus version : 6.0.5+6.0.5+master.eb8e549b
[095月2026 10:23:09.067] [main/DEBUG] [net.minecraftforge.fml.loading.FMLLoader/CORE]: Found Runtime Dist Cleaner
[095月2026 10:23:09.068] [main/DEBUG] [net.minecraftforge.coremod.CoreModEngine/]: CoreMods will preserve legacy behavior of ASMAPI.findFirstInstructionBefore for backwards-compatibility
[095月2026 10:23:09.069] [main/DEBUG] [net.minecraftforge.fml.loading.FMLLoader/CORE]: FML found CoreMod version : 5.2.4
[095月2026 10:23:09.070] [main/DEBUG] [net.minecraftforge.fml.loading.FMLLoader/CORE]: Found ForgeSPI package implementation version 7.0.1+7.0.1+master.d2b38bf6
[095月2026 10:23:09.070] [main/DEBUG] [net.minecraftforge.fml.loading.FMLLoader/CORE]: Found ForgeSPI package specification 5
[095月2026 10:23:09.070] [main/DEBUG] [cpw.mods.modlauncher.TransformationServiceDecorator/MODLAUNCHER]: Loaded service fml
[095月2026 10:23:09.070] [main/DEBUG] [cpw.mods.modlauncher.TransformationServicesHandler/MODLAUNCHER]: Configuring option handling for services
[095月2026 10:23:09.073] [main/DEBUG] [cpw.mods.modlauncher.TransformationServicesHandler/MODLAUNCHER]: Transformation services initializing
[095月2026 10:23:09.074] [main/DEBUG] [cpw.mods.modlauncher.TransformationServiceDecorator/MODLAUNCHER]: Initializing transformation service mixin
[095月2026 10:23:09.081] [main/DEBUG] [mixin/]: MixinService [ModLauncher] was successfully booted in cpw.mods.cl.ModuleClassLoader@2667f029
[095月2026 10:23:09.092] [main/INFO] [mixin/]: SpongePowered MIXIN Subsystem Version=0.8.5 Source=union:/C:/Users/19810/.gradle/caches/modules-2/files-2.1/org.spongepowered/mixin/0.8.5/9d1c0c3a304ae6697ecd477218fa61b850bf57fc/mixin-0.8.5.jar%23128!/ Service=ModLauncher Env=CLIENT
[095月2026 10:23:09.095] [main/DEBUG] [mixin/]: Initialising Mixin Platform Manager
[095月2026 10:23:09.096] [main/DEBUG] [mixin/]: Adding mixin platform agents for container ModLauncher Root Container(ModLauncher:4f56a0a2)
[095月2026 10:23:09.096] [main/DEBUG] [mixin/]: Instancing new MixinPlatformAgentMinecraftForge for ModLauncher Root Container(ModLauncher:4f56a0a2)
[095月2026 10:23:09.097] [main/DEBUG] [mixin/]: MixinPlatformAgentMinecraftForge rejected container ModLauncher Root Container(ModLauncher:4f56a0a2)
[095月2026 10:23:09.097] [main/DEBUG] [mixin/]: Instancing new MixinPlatformAgentDefault for ModLauncher Root Container(ModLauncher:4f56a0a2)
[095月2026 10:23:09.097] [main/DEBUG] [mixin/]: MixinPlatformAgentDefault accepted container ModLauncher Root Container(ModLauncher:4f56a0a2)
[095月2026 10:23:09.099] [main/DEBUG] [cpw.mods.modlauncher.TransformationServiceDecorator/MODLAUNCHER]: Initialized transformation service mixin
[095月2026 10:23:09.100] [main/DEBUG] [cpw.mods.modlauncher.TransformationServiceDecorator/MODLAUNCHER]: Initializing transformation service fml
[095月2026 10:23:09.100] [main/DEBUG] [net.minecraftforge.fml.loading.FMLServiceProvider/CORE]: Setting up basic FML game directories
[095月2026 10:23:09.101] [main/DEBUG] [net.minecraftforge.fml.loading.FMLPaths/CORE]: Path GAMEDIR is D:\game\bag\endless\photon or epicfight\run
[095月2026 10:23:09.101] [main/DEBUG] [net.minecraftforge.fml.loading.FMLPaths/CORE]: Path MODSDIR is D:\game\bag\endless\photon or epicfight\run\mods
[095月2026 10:23:09.102] [main/DEBUG] [net.minecraftforge.fml.loading.FMLPaths/CORE]: Path CONFIGDIR is D:\game\bag\endless\photon or epicfight\run\config
[095月2026 10:23:09.102] [main/DEBUG] [net.minecraftforge.fml.loading.FMLPaths/CORE]: Path FMLCONFIG is D:\game\bag\endless\photon or epicfight\run\config\fml.toml
[095月2026 10:23:09.102] [main/DEBUG] [net.minecraftforge.fml.loading.FMLServiceProvider/CORE]: Loading configuration
[095月2026 10:23:09.105] [main/DEBUG] [net.minecraftforge.fml.loading.FMLServiceProvider/CORE]: Preparing ModFile
[095月2026 10:23:09.107] [main/DEBUG] [net.minecraftforge.fml.loading.FMLServiceProvider/CORE]: Preparing launch handler
[095月2026 10:23:09.108] [main/DEBUG] [net.minecraftforge.fml.loading.FMLLoader/CORE]: Using forgeclientuserdev as launch service
[095月2026 10:23:09.119] [main/DEBUG] [net.minecraftforge.fml.loading.FMLLoader/CORE]: Received command line version data  : VersionInfo[forgeVersion=47.4.0, mcVersion=1.20.1, mcpVersion=20230612.114412, forgeGroup=net.minecraftforge]
[095月2026 10:23:09.120] [main/DEBUG] [cpw.mods.modlauncher.TransformationServiceDecorator/MODLAUNCHER]: Initialized transformation service fml
[095月2026 10:23:09.120] [main/DEBUG] [cpw.mods.modlauncher.NameMappingServiceHandler/MODLAUNCHER]: Current naming domain is 'mcp'
[095月2026 10:23:09.121] [main/DEBUG] [cpw.mods.modlauncher.NameMappingServiceHandler/MODLAUNCHER]: Identified name mapping providers {srg=srgtomcp:1234}
[095月2026 10:23:09.121] [main/DEBUG] [cpw.mods.modlauncher.TransformationServicesHandler/MODLAUNCHER]: Transformation services begin scanning
[095月2026 10:23:09.121] [main/DEBUG] [cpw.mods.modlauncher.TransformationServiceDecorator/MODLAUNCHER]: Beginning scan trigger - transformation service mixin
[095月2026 10:23:09.123] [main/DEBUG] [cpw.mods.modlauncher.TransformationServiceDecorator/MODLAUNCHER]: End scan trigger - transformation service mixin
[095月2026 10:23:09.123] [main/DEBUG] [cpw.mods.modlauncher.TransformationServiceDecorator/MODLAUNCHER]: Beginning scan trigger - transformation service fml
[095月2026 10:23:09.123] [main/DEBUG] [net.minecraftforge.fml.loading.FMLServiceProvider/CORE]: Initiating mod scan
[095月2026 10:23:09.129] [main/DEBUG] [net.minecraftforge.fml.loading.moddiscovery.ModListHandler/CORE]: Found mod coordinates from lists: []
[095月2026 10:23:09.132] [main/DEBUG] [net.minecraftforge.fml.loading.moddiscovery.ModDiscoverer/CORE]: Found Mod Locators : (mods folder:null),(maven libs:null),(exploded directory:null),(minecraft:null),(userdev classpath:null)
[095月2026 10:23:09.133] [main/DEBUG] [net.minecraftforge.fml.loading.moddiscovery.ModDiscoverer/CORE]: Found Dependency Locators : (JarInJar:null)
[095月2026 10:23:09.137] [main/DEBUG] [net.minecraftforge.fml.loading.targets.CommonLaunchHandler/CORE]: Got mod coordinates photon_or_epicfight%%D:/game/bag/endless/photon or epicfight\build\resources\main;photon_or_epicfight%%D:/game/bag/endless/photon or epicfight\build\classes\java\main from env
[095月2026 10:23:09.139] [main/DEBUG] [net.minecraftforge.fml.loading.targets.CommonLaunchHandler/CORE]: Found supplied mod coordinates [{photon_or_epicfight=[D:\game\bag\endless\photon or epicfight\build\resources\main, D:\game\bag\endless\photon or epicfight\build\classes\java\main]}]
[095月2026 10:23:09.144] [pool-2-thread-1/INFO] [EARLYDISPLAY/]: GL info: NVIDIA GeForce RTX 4060 Laptop GPU/PCIe/SSE2 GL version 4.6.0 NVIDIA 596.21, NVIDIA Corporation
[095月2026 10:23:09.348] [main/DEBUG] [net.minecraftforge.fml.loading.moddiscovery.ModFileInfo/LOADING]: Found valid mod file forge-1.20.1-47.4.0_mapped_parchment_2023.09.03-1.20.1-recomp.jar with {minecraft} mods - versions {1.20.1}
[095月2026 10:23:09.354] [main/DEBUG] [net.minecraftforge.fml.loading.moddiscovery.ModFileParser/LOADING]: Considering mod file candidate C:\Users\19810\.gradle\caches\modules-2\files-2.1\net.minecraftforge\javafmllanguage\1.20.1-47.4.0\f0c0b352173d0a378cbdcec9cfc4ba65899a721\javafmllanguage-1.20.1-47.4.0.jar
[095月2026 10:23:09.356] [main/WARN] [net.minecraftforge.fml.loading.moddiscovery.ModFileParser/LOADING]: Mod file C:\Users\19810\.gradle\caches\modules-2\files-2.1\net.minecraftforge\javafmllanguage\1.20.1-47.4.0\f0c0b352173d0a378cbdcec9cfc4ba65899a721\javafmllanguage-1.20.1-47.4.0.jar is missing mods.toml file
[095月2026 10:23:09.362] [main/DEBUG] [net.minecraftforge.fml.loading.moddiscovery.ModFileParser/LOADING]: Considering mod file candidate C:\Users\19810\.gradle\caches\modules-2\files-2.1\net.minecraftforge\lowcodelanguage\1.20.1-47.4.0\e862740d8c84d08dbfedea412bef88fe42e727c5\lowcodelanguage-1.20.1-47.4.0.jar
[095月2026 10:23:09.362] [main/WARN] [net.minecraftforge.fml.loading.moddiscovery.ModFileParser/LOADING]: Mod file C:\Users\19810\.gradle\caches\modules-2\files-2.1\net.minecraftforge\lowcodelanguage\1.20.1-47.4.0\e862740d8c84d08dbfedea412bef88fe42e727c5\lowcodelanguage-1.20.1-47.4.0.jar is missing mods.toml file
[095月2026 10:23:09.368] [main/DEBUG] [net.minecraftforge.fml.loading.moddiscovery.ModFileParser/LOADING]: Considering mod file candidate C:\Users\19810\.gradle\caches\modules-2\files-2.1\net.minecraftforge\mclanguage\1.20.1-47.4.0\5719b3a297a33f877ed5dde4cb4bd75c859096af\mclanguage-1.20.1-47.4.0.jar
[095月2026 10:23:09.368] [main/WARN] [net.minecraftforge.fml.loading.moddiscovery.ModFileParser/LOADING]: Mod file C:\Users\19810\.gradle\caches\modules-2\files-2.1\net.minecraftforge\mclanguage\1.20.1-47.4.0\5719b3a297a33f877ed5dde4cb4bd75c859096af\mclanguage-1.20.1-47.4.0.jar is missing mods.toml file
[095月2026 10:23:09.374] [main/DEBUG] [net.minecraftforge.fml.loading.moddiscovery.ModFileParser/LOADING]: Considering mod file candidate C:\Users\19810\.gradle\caches\modules-2\files-2.1\net.minecraftforge\fmlcore\1.20.1-47.4.0\235975dafa4309945b59c56b53f31dc5b65a6051\fmlcore-1.20.1-47.4.0.jar
[095月2026 10:23:09.374] [main/WARN] [net.minecraftforge.fml.loading.moddiscovery.ModFileParser/LOADING]: Mod file C:\Users\19810\.gradle\caches\modules-2\files-2.1\net.minecraftforge\fmlcore\1.20.1-47.4.0\235975dafa4309945b59c56b53f31dc5b65a6051\fmlcore-1.20.1-47.4.0.jar is missing mods.toml file
[095月2026 10:23:09.379] [main/DEBUG] [net.minecraftforge.fml.loading.moddiscovery.ModFileParser/LOADING]: Considering mod file candidate D:\game\bag\endless\photon or epicfight\build\resources\main
[095月2026 10:23:09.387] [main/DEBUG] [net.minecraftforge.fml.loading.moddiscovery.ModFileInfo/LOADING]: Found valid mod file main with {photon_or_epicfight} mods - versions {1.0}
[095月2026 10:23:09.389] [main/DEBUG] [net.minecraftforge.fml.loading.moddiscovery.ModFileParser/LOADING]: Considering mod file candidate /
[095月2026 10:23:09.392] [main/DEBUG] [net.minecraftforge.fml.loading.moddiscovery.ModFileInfo/LOADING]: Found valid mod file  with {forge} mods - versions {47.4.0}
[095月2026 10:23:09.415] [main/DEBUG] [net.minecraftforge.fml.loading.moddiscovery.ModFileParser/LOADING]: Considering mod file candidate C:\Users\19810\.gradle\caches\forge_gradle\deobf_dependencies\curse\maven\epic-fight-mod-405076\8049910_mapped_parchment_2023.09.03-1.20.1\epic-fight-mod-405076-8049910_mapped_parchment_2023.09.03-1.20.1.jar
[095月2026 10:23:09.416] [main/DEBUG] [net.minecraftforge.fml.loading.moddiscovery.ModFileInfo/LOADING]: Found valid mod file epic-fight-mod-405076-8049910_mapped_parchment_2023.09.03-1.20.1.jar with {epicfight} mods - versions {20.14.17}
[095月2026 10:23:09.421] [main/DEBUG] [net.minecraftforge.fml.loading.moddiscovery.ModFileParser/LOADING]: Considering mod file candidate C:\Users\19810\.gradle\caches\forge_gradle\deobf_dependencies\curse\maven\photon-871522\7501597_mapped_parchment_2023.09.03-1.20.1\photon-871522-7501597_mapped_parchment_2023.09.03-1.20.1.jar
[095月2026 10:23:09.423] [main/DEBUG] [net.minecraftforge.fml.loading.moddiscovery.ModFileInfo/LOADING]: Found valid mod file photon-871522-7501597_mapped_parchment_2023.09.03-1.20.1.jar with {photon} mods - versions {1.1.17}
[095月2026 10:23:09.429] [main/DEBUG] [net.minecraftforge.fml.loading.moddiscovery.ModFileParser/LOADING]: Considering mod file candidate C:\Users\19810\.gradle\caches\forge_gradle\deobf_dependencies\curse\maven\ldlib-626676\7652228_mapped_parchment_2023.09.03-1.20.1\ldlib-626676-7652228_mapped_parchment_2023.09.03-1.20.1.jar
[095月2026 10:23:09.430] [main/DEBUG] [net.minecraftforge.fml.loading.moddiscovery.ModFileInfo/LOADING]: Found valid mod file ldlib-626676-7652228_mapped_parchment_2023.09.03-1.20.1.jar with {ldlib} mods - versions {1.0.49}
[095月2026 10:23:09.436] [main/DEBUG] [net.minecraftforge.fml.loading.moddiscovery.ModFileParser/LOADING]: Considering mod file candidate C:\Users\19810\.gradle\caches\forge_gradle\deobf_dependencies\curse\maven\modernfix-790626\8050207_mapped_parchment_2023.09.03-1.20.1\modernfix-790626-8050207_mapped_parchment_2023.09.03-1.20.1.jar
[095月2026 10:23:09.438] [main/DEBUG] [net.minecraftforge.fml.loading.moddiscovery.ModFileInfo/LOADING]: Found valid mod file modernfix-790626-8050207_mapped_parchment_2023.09.03-1.20.1.jar with {modernfix} mods - versions {5.27.21+mc1.20.1}
[095月2026 10:23:09.445] [main/DEBUG] [net.minecraftforge.fml.loading.moddiscovery.ModFileParser/LOADING]: Considering mod file candidate C:\Users\19810\.gradle\caches\forge_gradle\deobf_dependencies\curse\maven\ferritecore-429235\4810975_mapped_parchment_2023.09.03-1.20.1\ferritecore-429235-4810975_mapped_parchment_2023.09.03-1.20.1.jar
[095月2026 10:23:09.449] [main/DEBUG] [net.minecraftforge.fml.loading.moddiscovery.ModFileInfo/LOADING]: Found valid mod file ferritecore-429235-4810975_mapped_parchment_2023.09.03-1.20.1.jar with {ferritecore} mods - versions {6.0.1}
[095月2026 10:23:09.455] [main/DEBUG] [net.minecraftforge.fml.loading.moddiscovery.ModFileParser/LOADING]: Considering mod file candidate C:\Users\19810\.gradle\caches\forge_gradle\deobf_dependencies\curse\maven\selene-499980\7664875_mapped_parchment_2023.09.03-1.20.1\selene-499980-7664875_mapped_parchment_2023.09.03-1.20.1.jar
[095月2026 10:23:09.456] [main/DEBUG] [net.minecraftforge.fml.loading.moddiscovery.ModFileInfo/LOADING]: Found valid mod file selene-499980-7664875_mapped_parchment_2023.09.03-1.20.1.jar with {moonlight} mods - versions {1.20-2.16.28}
[095月2026 10:23:09.460] [main/DEBUG] [net.minecraftforge.fml.loading.moddiscovery.ModFileParser/LOADING]: Considering mod file candidate C:\Users\19810\.gradle\caches\forge_gradle\deobf_dependencies\curse\maven\mmmmmmmmmmmm-225738\6860192_mapped_parchment_2023.09.03-1.20.1\mmmmmmmmmmmm-225738-6860192_mapped_parchment_2023.09.03-1.20.1.jar
[095月2026 10:23:09.461] [main/DEBUG] [net.minecraftforge.fml.loading.moddiscovery.ModFileInfo/LOADING]: Found valid mod file mmmmmmmmmmmm-225738-6860192_mapped_parchment_2023.09.03-1.20.1.jar with {dummmmmmy} mods - versions {1.20-2.0.9}
[095月2026 10:23:09.467] [main/DEBUG] [net.minecraftforge.fml.loading.moddiscovery.ModFileParser/LOADING]: Considering mod file candidate C:\Users\19810\.gradle\caches\forge_gradle\deobf_dependencies\curse\maven\epic-fight-mod-405076\8049910_mapped_parchment_2023.09.03-1.20.1\epic-fight-mod-405076-8049910_mapped_parchment_2023.09.03-1.20.1.jar
[095月2026 10:23:09.469] [main/DEBUG] [net.minecraftforge.fml.loading.moddiscovery.ModFileInfo/LOADING]: Found valid mod file epic-fight-mod-405076-8049910_mapped_parchment_2023.09.03-1.20.1.jar with {epicfight} mods - versions {20.14.17}
[095月2026 10:23:09.473] [main/DEBUG] [net.minecraftforge.fml.loading.moddiscovery.ModFileParser/LOADING]: Considering mod file candidate C:\Users\19810\.gradle\caches\forge_gradle\deobf_dependencies\curse\maven\photon-871522\7501597_mapped_parchment_2023.09.03-1.20.1\photon-871522-7501597_mapped_parchment_2023.09.03-1.20.1.jar
[095月2026 10:23:09.474] [main/DEBUG] [net.minecraftforge.fml.loading.moddiscovery.ModFileInfo/LOADING]: Found valid mod file photon-871522-7501597_mapped_parchment_2023.09.03-1.20.1.jar with {photon} mods - versions {1.1.17}
[095月2026 10:23:09.479] [main/DEBUG] [net.minecraftforge.fml.loading.moddiscovery.ModFileParser/LOADING]: Considering mod file candidate C:\Users\19810\.gradle\caches\forge_gradle\deobf_dependencies\curse\maven\ldlib-626676\7652228_mapped_parchment_2023.09.03-1.20.1\ldlib-626676-7652228_mapped_parchment_2023.09.03-1.20.1.jar
[095月2026 10:23:09.479] [main/DEBUG] [net.minecraftforge.fml.loading.moddiscovery.ModFileInfo/LOADING]: Found valid mod file ldlib-626676-7652228_mapped_parchment_2023.09.03-1.20.1.jar with {ldlib} mods - versions {1.0.49}
[095月2026 10:23:09.485] [main/DEBUG] [net.minecraftforge.fml.loading.moddiscovery.ModFileParser/LOADING]: Considering mod file candidate C:\Users\19810\.gradle\caches\forge_gradle\deobf_dependencies\curse\maven\modernfix-790626\8050207_mapped_parchment_2023.09.03-1.20.1\modernfix-790626-8050207_mapped_parchment_2023.09.03-1.20.1.jar
[095月2026 10:23:09.486] [main/DEBUG] [net.minecraftforge.fml.loading.moddiscovery.ModFileInfo/LOADING]: Found valid mod file modernfix-790626-8050207_mapped_parchment_2023.09.03-1.20.1.jar with {modernfix} mods - versions {5.27.21+mc1.20.1}
[095月2026 10:23:09.490] [main/DEBUG] [net.minecraftforge.fml.loading.moddiscovery.ModFileParser/LOADING]: Considering mod file candidate C:\Users\19810\.gradle\caches\forge_gradle\deobf_dependencies\curse\maven\ferritecore-429235\4810975_mapped_parchment_2023.09.03-1.20.1\ferritecore-429235-4810975_mapped_parchment_2023.09.03-1.20.1.jar
[095月2026 10:23:09.492] [main/DEBUG] [net.minecraftforge.fml.loading.moddiscovery.ModFileInfo/LOADING]: Found valid mod file ferritecore-429235-4810975_mapped_parchment_2023.09.03-1.20.1.jar with {ferritecore} mods - versions {6.0.1}
[095月2026 10:23:09.496] [main/DEBUG] [net.minecraftforge.fml.loading.moddiscovery.ModFileParser/LOADING]: Considering mod file candidate C:\Users\19810\.gradle\caches\forge_gradle\deobf_dependencies\curse\maven\selene-499980\7664875_mapped_parchment_2023.09.03-1.20.1\selene-499980-7664875_mapped_parchment_2023.09.03-1.20.1.jar
[095月2026 10:23:09.497] [main/DEBUG] [net.minecraftforge.fml.loading.moddiscovery.ModFileInfo/LOADING]: Found valid mod file selene-499980-7664875_mapped_parchment_2023.09.03-1.20.1.jar with {moonlight} mods - versions {1.20-2.16.28}
[095月2026 10:23:09.503] [main/DEBUG] [net.minecraftforge.fml.loading.moddiscovery.ModFileParser/LOADING]: Considering mod file candidate C:\Users\19810\.gradle\caches\forge_gradle\deobf_dependencies\curse\maven\mmmmmmmmmmmm-225738\6860192_mapped_parchment_2023.09.03-1.20.1\mmmmmmmmmmmm-225738-6860192_mapped_parchment_2023.09.03-1.20.1.jar
[095月2026 10:23:09.504] [main/DEBUG] [net.minecraftforge.fml.loading.moddiscovery.ModFileInfo/LOADING]: Found valid mod file mmmmmmmmmmmm-225738-6860192_mapped_parchment_2023.09.03-1.20.1.jar with {dummmmmmy} mods - versions {1.20-2.0.9}
[095月2026 10:23:09.508] [main/DEBUG] [net.minecraftforge.fml.loading.UniqueModListBuilder/]: Found 2 mods for first modid photon, selecting most recent based on version data
[095月2026 10:23:09.508] [main/DEBUG] [net.minecraftforge.fml.loading.UniqueModListBuilder/]: Selected file photon-871522-7501597_mapped_parchment_2023.09.03-1.20.1.jar for modid photon with version 1.1.17
[095月2026 10:23:09.508] [main/DEBUG] [net.minecraftforge.fml.loading.UniqueModListBuilder/]: Found 2 mods for first modid moonlight, selecting most recent based on version data
[095月2026 10:23:09.508] [main/DEBUG] [net.minecraftforge.fml.loading.UniqueModListBuilder/]: Selected file selene-499980-7664875_mapped_parchment_2023.09.03-1.20.1.jar for modid moonlight with version 1.20-2.16.28
[095月2026 10:23:09.508] [main/DEBUG] [net.minecraftforge.fml.loading.UniqueModListBuilder/]: Found 2 mods for first modid dummmmmmy, selecting most recent based on version data
[095月2026 10:23:09.508] [main/DEBUG] [net.minecraftforge.fml.loading.UniqueModListBuilder/]: Selected file mmmmmmmmmmmm-225738-6860192_mapped_parchment_2023.09.03-1.20.1.jar for modid dummmmmmy with version 1.20-2.0.9
[095月2026 10:23:09.508] [main/DEBUG] [net.minecraftforge.fml.loading.UniqueModListBuilder/]: Found 2 mods for first modid epicfight, selecting most recent based on version data
[095月2026 10:23:09.508] [main/DEBUG] [net.minecraftforge.fml.loading.UniqueModListBuilder/]: Selected file epic-fight-mod-405076-8049910_mapped_parchment_2023.09.03-1.20.1.jar for modid epicfight with version 20.14.17
[095月2026 10:23:09.508] [main/DEBUG] [net.minecraftforge.fml.loading.UniqueModListBuilder/]: Found 2 mods for first modid ferritecore, selecting most recent based on version data
[095月2026 10:23:09.508] [main/DEBUG] [net.minecraftforge.fml.loading.UniqueModListBuilder/]: Selected file ferritecore-429235-4810975_mapped_parchment_2023.09.03-1.20.1.jar for modid ferritecore with version 6.0.1
[095月2026 10:23:09.508] [main/DEBUG] [net.minecraftforge.fml.loading.UniqueModListBuilder/]: Found 2 mods for first modid ldlib, selecting most recent based on version data
[095月2026 10:23:09.508] [main/DEBUG] [net.minecraftforge.fml.loading.UniqueModListBuilder/]: Selected file ldlib-626676-7652228_mapped_parchment_2023.09.03-1.20.1.jar for modid ldlib with version 1.0.49
[095月2026 10:23:09.508] [main/DEBUG] [net.minecraftforge.fml.loading.UniqueModListBuilder/]: Found 2 mods for first modid modernfix, selecting most recent based on version data
[095月2026 10:23:09.508] [main/DEBUG] [net.minecraftforge.fml.loading.UniqueModListBuilder/]: Selected file modernfix-790626-8050207_mapped_parchment_2023.09.03-1.20.1.jar for modid modernfix with version 5.27.21+mc1.20.1
[095月2026 10:23:09.514] [main/DEBUG] [net.minecraftforge.fml.loading.moddiscovery.AbstractJarFileDependencyLocator/]: Failed to load resource META-INF\jarjar\metadata.json from forge-1.20.1-47.4.0_mapped_parchment_2023.09.03-1.20.1-recomp.jar, it does not contain dependency information.
[095月2026 10:23:09.514] [main/DEBUG] [net.minecraftforge.fml.loading.moddiscovery.AbstractJarFileDependencyLocator/]: Failed to load resource META-INF\jarjar\metadata.json from , it does not contain dependency information.
[095月2026 10:23:09.514] [main/DEBUG] [net.minecraftforge.fml.loading.moddiscovery.AbstractJarFileDependencyLocator/]: Failed to load resource META-INF\jarjar\metadata.json from epic-fight-mod-405076-8049910_mapped_parchment_2023.09.03-1.20.1.jar, it does not contain dependency information.
[095月2026 10:23:09.514] [main/DEBUG] [net.minecraftforge.fml.loading.moddiscovery.AbstractJarFileDependencyLocator/]: Failed to load resource META-INF\jarjar\metadata.json from ferritecore-429235-4810975_mapped_parchment_2023.09.03-1.20.1.jar, it does not contain dependency information.
[095月2026 10:23:09.515] [main/DEBUG] [net.minecraftforge.fml.loading.moddiscovery.AbstractJarFileDependencyLocator/]: Failed to load resource META-INF\jarjar\metadata.json from main, it does not contain dependency information.
[095月2026 10:23:09.515] [main/DEBUG] [net.minecraftforge.fml.loading.moddiscovery.AbstractJarFileDependencyLocator/]: Failed to load resource META-INF\jarjar\metadata.json from mclanguage-1.20.1-47.4.0.jar, it does not contain dependency information.
[095月2026 10:23:09.515] [main/DEBUG] [net.minecraftforge.fml.loading.moddiscovery.AbstractJarFileDependencyLocator/]: Failed to load resource META-INF\jarjar\metadata.json from javafmllanguage-1.20.1-47.4.0.jar, it does not contain dependency information.
[095月2026 10:23:09.515] [main/DEBUG] [net.minecraftforge.fml.loading.moddiscovery.AbstractJarFileDependencyLocator/]: Failed to load resource META-INF\jarjar\metadata.json from fmlcore-1.20.1-47.4.0.jar, it does not contain dependency information.
[095月2026 10:23:09.515] [main/DEBUG] [net.minecraftforge.fml.loading.moddiscovery.AbstractJarFileDependencyLocator/]: Failed to load resource META-INF\jarjar\metadata.json from lowcodelanguage-1.20.1-47.4.0.jar, it does not contain dependency information.
[095月2026 10:23:09.616] [main/DEBUG] [net.minecraftforge.fml.loading.moddiscovery.ModFileParser/LOADING]: Considering mod file candidate 
[095月2026 10:23:09.617] [main/DEBUG] [net.minecraftforge.fml.loading.moddiscovery.ModFileInfo/LOADING]: Found valid mod file ldlib-forge-1.20.1-1.0.42.jar with {ldlib} mods - versions {1.0.42}
[095月2026 10:23:09.619] [main/DEBUG] [net.minecraftforge.fml.loading.moddiscovery.ModFileParser/LOADING]: Considering mod file candidate 
[095月2026 10:23:09.620] [main/DEBUG] [net.minecraftforge.fml.loading.moddiscovery.ModFileInfo/LOADING]: Found valid mod file mixinextras-forge-0.3.5.jar with {mixinextras} mods - versions {0.3.5}
[095月2026 10:23:09.622] [main/DEBUG] [net.minecraftforge.fml.loading.moddiscovery.ModFileParser/LOADING]: Considering mod file candidate 
[095月2026 10:23:09.622] [main/DEBUG] [net.minecraftforge.fml.loading.moddiscovery.ModFileInfo/LOADING]: Found valid mod file mixinextras-forge-0.4.1.jar with {mixinextras} mods - versions {0.4.1}
[095月2026 10:23:09.624] [main/DEBUG] [net.minecraftforge.fml.loading.moddiscovery.ModFileParser/LOADING]: Considering mod file candidate 
[095月2026 10:23:09.624] [main/DEBUG] [net.minecraftforge.fml.loading.moddiscovery.ModFileInfo/LOADING]: Found valid mod file mixinextras-forge-0.2.1-beta.2.jar with {mixinextras} mods - versions {0.2.1-beta.2}
[095月2026 10:23:09.625] [main/DEBUG] [net.minecraftforge.fml.loading.moddiscovery.ModFileParser/LOADING]: Considering mod file candidate 
[095月2026 10:23:09.627] [main/DEBUG] [net.minecraftforge.fml.loading.moddiscovery.ModFileInfo/LOADING]: Found valid mod file mixinextras-forge-0.3.6.jar with {mixinextras} mods - versions {0.3.6}
[095月2026 10:23:09.628] [main/DEBUG] [net.minecraftforge.fml.loading.moddiscovery.ModFileParser/LOADING]: Considering mod file candidate 
[095月2026 10:23:09.628] [main/DEBUG] [net.minecraftforge.fml.loading.moddiscovery.ModFileInfo/LOADING]: Found valid mod file mixinsquared-forge-0.1.1.jar with {mixinsquared} mods - versions {0.1.1}
[095月2026 10:23:09.644] [main/DEBUG] [net.minecraftforge.fml.loading.moddiscovery.ModFileParser/LOADING]: Considering mod file candidate 
[095月2026 10:23:09.644] [main/DEBUG] [net.minecraftforge.fml.loading.moddiscovery.ModFileInfo/LOADING]: Found valid mod file mixinextras-forge-0.3.5.jar with {mixinextras} mods - versions {0.3.5}
[095月2026 10:23:09.662] [main/DEBUG] [net.minecraftforge.fml.loading.moddiscovery.AbstractJarFileDependencyLocator/]: Failed to load resource META-INF\jarjar\metadata.json from MixinExtras-0.5.0.jar, it does not contain dependency information.
[095月2026 10:23:09.667] [main/DEBUG] [net.minecraftforge.fml.loading.moddiscovery.AbstractJarFileDependencyLocator/]: Failed to load resource META-INF\jarjar\metadata.json from MixinExtras-0.3.5.jar, it does not contain dependency information.
[095月2026 10:23:09.667] [main/DEBUG] [net.minecraftforge.fml.loading.moddiscovery.AbstractJarFileDependencyLocator/]: Failed to load resource META-INF\jarjar\metadata.json from MixinExtras-0.4.1.jar, it does not contain dependency information.
[095月2026 10:23:09.667] [main/DEBUG] [net.minecraftforge.fml.loading.moddiscovery.AbstractJarFileDependencyLocator/]: Failed to load resource META-INF\jarjar\metadata.json from MixinExtras-0.2.1-beta.2.jar, it does not contain dependency information.
[095月2026 10:23:09.667] [main/DEBUG] [net.minecraftforge.fml.loading.moddiscovery.AbstractJarFileDependencyLocator/]: Failed to load resource META-INF\jarjar\metadata.json from MixinExtras-0.3.6.jar, it does not contain dependency information.
[095月2026 10:23:09.667] [main/DEBUG] [net.minecraftforge.fml.loading.moddiscovery.AbstractJarFileDependencyLocator/]: Failed to load resource META-INF\jarjar\metadata.json from MixinSquared-0.1.1.jar, it does not contain dependency information.
[095月2026 10:23:09.667] [main/DEBUG] [net.minecraftforge.fml.loading.moddiscovery.AbstractJarFileDependencyLocator/]: Failed to load resource META-INF\jarjar\metadata.json from MixinExtras-0.3.5.jar, it does not contain dependency information.
[095月2026 10:23:09.726] [main/DEBUG] [net.minecraftforge.fml.loading.moddiscovery.ModFileParser/LOADING]: Considering mod file candidate 
[095月2026 10:23:09.727] [main/DEBUG] [net.minecraftforge.fml.loading.moddiscovery.ModFileInfo/LOADING]: Found valid mod file ldlib-forge-1.20.1-1.0.42.jar with {ldlib} mods - versions {1.0.42}
[095月2026 10:23:09.727] [main/DEBUG] [net.minecraftforge.fml.loading.moddiscovery.ModFileParser/LOADING]: Considering mod file candidate 
[095月2026 10:23:09.729] [main/DEBUG] [net.minecraftforge.fml.loading.moddiscovery.ModFileInfo/LOADING]: Found valid mod file mixinsquared-forge-0.1.1.jar with {mixinsquared} mods - versions {0.1.1}
[095月2026 10:23:09.741] [main/WARN] [net.minecraftforge.jarjar.selection.JarSelector/]: Attempted to select a dependency jar for JarJar which was passed in as source: ldlib. Using Mod File: C:\Users\19810\.gradle\caches\forge_gradle\deobf_dependencies\curse\maven\ldlib-626676\7652228_mapped_parchment_2023.09.03-1.20.1\ldlib-626676-7652228_mapped_parchment_2023.09.03-1.20.1.jar
[095月2026 10:23:09.741] [main/INFO] [net.minecraftforge.fml.loading.moddiscovery.JarInJarDependencyLocator/]: Found 4 dependencies adding them to mods collection
[095月2026 10:23:09.744] [main/DEBUG] [net.minecraftforge.fml.loading.moddiscovery.ModFileInfo/LOADING]: Found valid mod file forge-1.20.1-47.4.0_mapped_parchment_2023.09.03-1.20.1-recomp.jar with {minecraft} mods - versions {1.20.1}
[095月2026 10:23:09.745] [main/DEBUG] [net.minecraftforge.fml.loading.moddiscovery.ModFile/LOADING]: Loading mod file C:\Users\19810\.gradle\caches\forge_gradle\minecraft_user_repo\net\minecraftforge\forge\1.20.1-47.4.0_mapped_parchment_2023.09.03-1.20.1\forge-1.20.1-47.4.0_mapped_parchment_2023.09.03-1.20.1-recomp.jar with languages [LanguageSpec[languageName=minecraft, acceptedVersions=1]]
[095月2026 10:23:09.746] [main/DEBUG] [net.minecraftforge.fml.loading.moddiscovery.ModFileParser/LOADING]: Considering mod file candidate C:\Users\19810\.gradle\caches\forge_gradle\deobf_dependencies\curse\maven\selene-499980\7664875_mapped_parchment_2023.09.03-1.20.1\selene-499980-7664875_mapped_parchment_2023.09.03-1.20.1.jar
[095月2026 10:23:09.747] [main/DEBUG] [net.minecraftforge.fml.loading.moddiscovery.ModFileInfo/LOADING]: Found valid mod file selene-499980-7664875_mapped_parchment_2023.09.03-1.20.1.jar with {moonlight} mods - versions {1.20-2.16.28}
[095月2026 10:23:09.747] [main/DEBUG] [net.minecraftforge.fml.loading.moddiscovery.ModFile/LOADING]: Loading mod file C:\Users\19810\.gradle\caches\forge_gradle\deobf_dependencies\curse\maven\selene-499980\7664875_mapped_parchment_2023.09.03-1.20.1\selene-499980-7664875_mapped_parchment_2023.09.03-1.20.1.jar with languages [LanguageSpec[languageName=javafml, acceptedVersions=[40,)]]
[095月2026 10:23:09.747] [main/DEBUG] [net.minecraftforge.fml.loading.moddiscovery.ModFileParser/LOADING]: Considering mod file candidate C:\Users\19810\.gradle\caches\forge_gradle\deobf_dependencies\curse\maven\ldlib-626676\7652228_mapped_parchment_2023.09.03-1.20.1\ldlib-626676-7652228_mapped_parchment_2023.09.03-1.20.1.jar
[095月2026 10:23:09.748] [main/DEBUG] [net.minecraftforge.fml.loading.moddiscovery.ModFileInfo/LOADING]: Found valid mod file ldlib-626676-7652228_mapped_parchment_2023.09.03-1.20.1.jar with {ldlib} mods - versions {1.0.49}
[095月2026 10:23:09.748] [main/DEBUG] [net.minecraftforge.fml.loading.moddiscovery.ModFile/LOADING]: Loading mod file C:\Users\19810\.gradle\caches\forge_gradle\deobf_dependencies\curse\maven\ldlib-626676\7652228_mapped_parchment_2023.09.03-1.20.1\ldlib-626676-7652228_mapped_parchment_2023.09.03-1.20.1.jar with languages [LanguageSpec[languageName=javafml, acceptedVersions=[47,)]]
[095月2026 10:23:09.748] [main/DEBUG] [net.minecraftforge.fml.loading.moddiscovery.ModFileParser/LOADING]: Considering mod file candidate C:\Users\19810\.gradle\caches\forge_gradle\deobf_dependencies\curse\maven\ferritecore-429235\4810975_mapped_parchment_2023.09.03-1.20.1\ferritecore-429235-4810975_mapped_parchment_2023.09.03-1.20.1.jar
[095月2026 10:23:09.748] [main/DEBUG] [net.minecraftforge.fml.loading.moddiscovery.ModFileInfo/LOADING]: Found valid mod file ferritecore-429235-4810975_mapped_parchment_2023.09.03-1.20.1.jar with {ferritecore} mods - versions {6.0.1}
[095月2026 10:23:09.749] [main/DEBUG] [net.minecraftforge.fml.loading.moddiscovery.ModFile/LOADING]: Loading mod file C:\Users\19810\.gradle\caches\forge_gradle\deobf_dependencies\curse\maven\ferritecore-429235\4810975_mapped_parchment_2023.09.03-1.20.1\ferritecore-429235-4810975_mapped_parchment_2023.09.03-1.20.1.jar with languages [LanguageSpec[languageName=javafml, acceptedVersions=[28,)]]
[095月2026 10:23:09.749] [main/DEBUG] [net.minecraftforge.fml.loading.moddiscovery.ModFileParser/LOADING]: Considering mod file candidate C:\Users\19810\.gradle\caches\forge_gradle\deobf_dependencies\curse\maven\photon-871522\7501597_mapped_parchment_2023.09.03-1.20.1\photon-871522-7501597_mapped_parchment_2023.09.03-1.20.1.jar
[095月2026 10:23:09.750] [main/DEBUG] [net.minecraftforge.fml.loading.moddiscovery.ModFileInfo/LOADING]: Found valid mod file photon-871522-7501597_mapped_parchment_2023.09.03-1.20.1.jar with {photon} mods - versions {1.1.17}
[095月2026 10:23:09.750] [main/DEBUG] [net.minecraftforge.fml.loading.moddiscovery.ModFile/LOADING]: Loading mod file C:\Users\19810\.gradle\caches\forge_gradle\deobf_dependencies\curse\maven\photon-871522\7501597_mapped_parchment_2023.09.03-1.20.1\photon-871522-7501597_mapped_parchment_2023.09.03-1.20.1.jar with languages [LanguageSpec[languageName=javafml, acceptedVersions=[47,)]]
[095月2026 10:23:09.750] [main/DEBUG] [net.minecraftforge.fml.loading.moddiscovery.ModFileParser/LOADING]: Considering mod file candidate /
[095月2026 10:23:09.750] [main/DEBUG] [net.minecraftforge.fml.loading.moddiscovery.ModFileInfo/LOADING]: Found valid mod file  with {forge} mods - versions {47.4.0}
[095月2026 10:23:09.750] [main/DEBUG] [net.minecraftforge.fml.loading.moddiscovery.ModFile/LOADING]: Loading mod file / with languages [LanguageSpec[languageName=javafml, acceptedVersions=[24,]]]
[095月2026 10:23:09.752] [main/DEBUG] [net.minecraftforge.fml.loading.moddiscovery.ModFileParser/LOADING]: Found coremod field_to_method with Javascript path coremods/field_to_method.js
[095月2026 10:23:09.752] [main/DEBUG] [net.minecraftforge.fml.loading.moddiscovery.ModFileParser/LOADING]: Found coremod field_to_instanceof with Javascript path coremods/field_to_instanceof.js
[095月2026 10:23:09.752] [main/DEBUG] [net.minecraftforge.fml.loading.moddiscovery.ModFileParser/LOADING]: Found coremod add_bouncer_method with Javascript path coremods/add_bouncer_method.js
[095月2026 10:23:09.752] [main/DEBUG] [net.minecraftforge.fml.loading.moddiscovery.ModFileParser/LOADING]: Found coremod method_redirector with Javascript path coremods/method_redirector.js
[095月2026 10:23:09.752] [main/DEBUG] [net.minecraftforge.fml.loading.moddiscovery.ModFile/LOADING]: Found coremod coremods/field_to_method.js
[095月2026 10:23:09.752] [main/DEBUG] [net.minecraftforge.fml.loading.moddiscovery.ModFile/LOADING]: Found coremod coremods/field_to_instanceof.js
[095月2026 10:23:09.752] [main/DEBUG] [net.minecraftforge.fml.loading.moddiscovery.ModFile/LOADING]: Found coremod coremods/add_bouncer_method.js
[095月2026 10:23:09.752] [main/DEBUG] [net.minecraftforge.fml.loading.moddiscovery.ModFile/LOADING]: Found coremod coremods/method_redirector.js
[095月2026 10:23:09.752] [main/DEBUG] [net.minecraftforge.fml.loading.moddiscovery.ModFileParser/LOADING]: Considering mod file candidate C:\Users\19810\.gradle\caches\forge_gradle\deobf_dependencies\curse\maven\mmmmmmmmmmmm-225738\6860192_mapped_parchment_2023.09.03-1.20.1\mmmmmmmmmmmm-225738-6860192_mapped_parchment_2023.09.03-1.20.1.jar
[095月2026 10:23:09.753] [main/DEBUG] [net.minecraftforge.fml.loading.moddiscovery.ModFileInfo/LOADING]: Found valid mod file mmmmmmmmmmmm-225738-6860192_mapped_parchment_2023.09.03-1.20.1.jar with {dummmmmmy} mods - versions {1.20-2.0.9}
[095月2026 10:23:09.753] [main/DEBUG] [net.minecraftforge.fml.loading.moddiscovery.ModFile/LOADING]: Loading mod file C:\Users\19810\.gradle\caches\forge_gradle\deobf_dependencies\curse\maven\mmmmmmmmmmmm-225738\6860192_mapped_parchment_2023.09.03-1.20.1\mmmmmmmmmmmm-225738-6860192_mapped_parchment_2023.09.03-1.20.1.jar with languages [LanguageSpec[languageName=javafml, acceptedVersions=[40,)]]
[095月2026 10:23:09.753] [main/DEBUG] [net.minecraftforge.fml.loading.moddiscovery.ModFileParser/LOADING]: Considering mod file candidate C:\Users\19810\.gradle\caches\forge_gradle\deobf_dependencies\curse\maven\epic-fight-mod-405076\8049910_mapped_parchment_2023.09.03-1.20.1\epic-fight-mod-405076-8049910_mapped_parchment_2023.09.03-1.20.1.jar
[095月2026 10:23:09.753] [main/DEBUG] [net.minecraftforge.fml.loading.moddiscovery.ModFileInfo/LOADING]: Found valid mod file epic-fight-mod-405076-8049910_mapped_parchment_2023.09.03-1.20.1.jar with {epicfight} mods - versions {20.14.17}
[095月2026 10:23:09.753] [main/DEBUG] [net.minecraftforge.fml.loading.moddiscovery.ModFile/LOADING]: Loading mod file C:\Users\19810\.gradle\caches\forge_gradle\deobf_dependencies\curse\maven\epic-fight-mod-405076\8049910_mapped_parchment_2023.09.03-1.20.1\epic-fight-mod-405076-8049910_mapped_parchment_2023.09.03-1.20.1.jar with languages [LanguageSpec[languageName=javafml, acceptedVersions=[47,)]]
[095月2026 10:23:09.753] [main/DEBUG] [net.minecraftforge.fml.loading.moddiscovery.ModFileParser/LOADING]: Considering mod file candidate D:\game\bag\endless\photon or epicfight\build\resources\main
[095月2026 10:23:09.757] [main/DEBUG] [net.minecraftforge.fml.loading.moddiscovery.ModFileInfo/LOADING]: Found valid mod file main with {photon_or_epicfight} mods - versions {1.0}
[095月2026 10:23:09.757] [main/DEBUG] [net.minecraftforge.fml.loading.moddiscovery.ModFile/LOADING]: Loading mod file D:\game\bag\endless\photon or epicfight\build\resources\main with languages [LanguageSpec[languageName=javafml, acceptedVersions=[47,)]]
[095月2026 10:23:09.757] [main/DEBUG] [net.minecraftforge.fml.loading.moddiscovery.ModFileParser/LOADING]: Considering mod file candidate C:\Users\19810\.gradle\caches\forge_gradle\deobf_dependencies\curse\maven\modernfix-790626\8050207_mapped_parchment_2023.09.03-1.20.1\modernfix-790626-8050207_mapped_parchment_2023.09.03-1.20.1.jar
[095月2026 10:23:09.757] [main/DEBUG] [net.minecraftforge.fml.loading.moddiscovery.ModFileInfo/LOADING]: Found valid mod file modernfix-790626-8050207_mapped_parchment_2023.09.03-1.20.1.jar with {modernfix} mods - versions {5.27.21+mc1.20.1}
[095月2026 10:23:09.757] [main/DEBUG] [net.minecraftforge.fml.loading.moddiscovery.ModFile/LOADING]: Loading mod file C:\Users\19810\.gradle\caches\forge_gradle\deobf_dependencies\curse\maven\modernfix-790626\8050207_mapped_parchment_2023.09.03-1.20.1\modernfix-790626-8050207_mapped_parchment_2023.09.03-1.20.1.jar with languages [LanguageSpec[languageName=javafml, acceptedVersions=[46,)]]
[095月2026 10:23:09.757] [main/DEBUG] [net.minecraftforge.fml.loading.moddiscovery.ModFile/LOADING]: Loading mod file  with languages []
[095月2026 10:23:09.757] [main/DEBUG] [net.minecraftforge.fml.loading.moddiscovery.ModFileParser/LOADING]: Considering mod file candidate 
[095月2026 10:23:09.757] [main/DEBUG] [net.minecraftforge.fml.loading.moddiscovery.ModFileInfo/LOADING]: Found valid mod file mixinsquared-forge-0.1.1.jar with {mixinsquared} mods - versions {0.1.1}
[095月2026 10:23:09.759] [main/DEBUG] [net.minecraftforge.fml.loading.moddiscovery.ModFile/LOADING]: Loading mod file  with languages [LanguageSpec[languageName=javafml, acceptedVersions=*]]
[095月2026 10:23:09.759] [main/DEBUG] [net.minecraftforge.fml.loading.moddiscovery.ModFile/LOADING]: Loading mod file  with languages []
[095月2026 10:23:09.759] [main/DEBUG] [net.minecraftforge.fml.loading.moddiscovery.ModFile/LOADING]: Loading mod file  with languages []
[095月2026 10:23:09.759] [main/DEBUG] [net.minecraftforge.fml.loading.moddiscovery.ModFile/LOADING]: Loading mod file  with languages []
[095月2026 10:23:09.759] [main/DEBUG] [net.minecraftforge.fml.loading.moddiscovery.ModFileParser/LOADING]: Considering mod file candidate 
[095月2026 10:23:09.759] [main/DEBUG] [net.minecraftforge.fml.loading.moddiscovery.ModFileInfo/LOADING]: Found valid mod file mixinsquared-forge-0.1.1.jar with {mixinsquared} mods - versions {0.1.1}
[095月2026 10:23:09.759] [main/DEBUG] [net.minecraftforge.fml.loading.moddiscovery.ModFile/LOADING]: Loading mod file  with languages [LanguageSpec[languageName=javafml, acceptedVersions=*]]
[095月2026 10:23:09.759] [main/DEBUG] [net.minecraftforge.fml.loading.moddiscovery.ModFile/LOADING]: Loading mod file  with languages []
[095月2026 10:23:09.759] [main/DEBUG] [net.minecraftforge.fml.loading.moddiscovery.ModFile/LOADING]: Loading mod file  with languages []
[095月2026 10:23:09.760] [main/DEBUG] [cpw.mods.modlauncher.TransformationServiceDecorator/MODLAUNCHER]: End scan trigger - transformation service fml
[095月2026 10:23:09.770] [main/DEBUG] [net.minecraftforge.fml.loading.LanguageLoadingProvider/CORE]: Found 3 language providers
[095月2026 10:23:09.770] [main/DEBUG] [net.minecraftforge.fml.loading.LanguageLoadingProvider/CORE]: Found language provider minecraft, version 1.0
[095月2026 10:23:09.771] [main/DEBUG] [net.minecraftforge.fml.loading.LanguageLoadingProvider/CORE]: Found language provider lowcodefml, version 47
[095月2026 10:23:09.771] [main/DEBUG] [net.minecraftforge.fml.loading.LanguageLoadingProvider/CORE]: Found language provider javafml, version 47
[095月2026 10:23:09.774] [main/DEBUG] [net.minecraftforge.fml.loading.UniqueModListBuilder/]: Found 2 mods for first modid mixinextras, selecting most recent based on version data
[095月2026 10:23:09.774] [main/DEBUG] [net.minecraftforge.fml.loading.UniqueModListBuilder/]: Selected file mixinextras-forge-0.5.0.jar for modid mixinextras with version 0.5.0
[095月2026 10:23:09.774] [main/DEBUG] [net.minecraftforge.fml.loading.UniqueModListBuilder/]: Found 2 mods for first modid mixinsquared, selecting most recent based on version data
[095月2026 10:23:09.774] [main/DEBUG] [net.minecraftforge.fml.loading.UniqueModListBuilder/]: Selected file mixinsquared-forge-0.1.1.jar for modid mixinsquared with version 0.1.1
[095月2026 10:23:09.774] [main/DEBUG] [net.minecraftforge.fml.loading.UniqueModListBuilder/]: Found 2 mods for first modid MixinExtras, selecting most recent based on version data
[095月2026 10:23:09.774] [main/DEBUG] [net.minecraftforge.fml.loading.UniqueModListBuilder/]: Selected file MixinExtras-0.5.0.jar for modid MixinExtras with version 0.5.0
[095月2026 10:23:09.774] [main/DEBUG] [net.minecraftforge.fml.loading.UniqueModListBuilder/]: Found 2 mods for first modid MixinSquared, selecting most recent based on version data
[095月2026 10:23:09.775] [main/DEBUG] [net.minecraftforge.fml.loading.UniqueModListBuilder/]: Selected file MixinSquared-0.1.1.jar for modid MixinSquared with version 0.0NONE
[095月2026 10:23:09.777] [main/DEBUG] [net.minecraftforge.fml.loading.ModSorter/]: Configured system mods: [minecraft, forge]
[095月2026 10:23:09.777] [main/DEBUG] [net.minecraftforge.fml.loading.ModSorter/]: Found system mod: minecraft
[095月2026 10:23:09.777] [main/DEBUG] [net.minecraftforge.fml.loading.ModSorter/]: Found system mod: forge
[095月2026 10:23:09.779] [main/DEBUG] [net.minecraftforge.fml.loading.ModSorter/LOADING]: Found 18 mod requirements (17 mandatory, 1 optional)
[095月2026 10:23:09.780] [main/DEBUG] [net.minecraftforge.fml.loading.ModSorter/LOADING]: Found 0 mod requirements missing (0 mandatory, 0 optional)
[095月2026 10:23:10.156] [main/DEBUG] [net.minecraftforge.fml.loading.MCPNamingService/CORE]: Loaded 34318 method mappings from methods.csv
[095月2026 10:23:10.180] [main/DEBUG] [net.minecraftforge.fml.loading.MCPNamingService/CORE]: Loaded 31014 field mappings from fields.csv
[095月2026 10:23:10.230] [main/DEBUG] [cpw.mods.modlauncher.TransformationServicesHandler/MODLAUNCHER]: Transformation services loading transformers
[095月2026 10:23:10.232] [main/DEBUG] [cpw.mods.modlauncher.TransformationServiceDecorator/MODLAUNCHER]: Initializing transformers for transformation service mixin
[095月2026 10:23:10.233] [main/DEBUG] [cpw.mods.modlauncher.TransformationServiceDecorator/MODLAUNCHER]: Initialized transformers for transformation service mixin
[095月2026 10:23:10.233] [main/DEBUG] [cpw.mods.modlauncher.TransformationServiceDecorator/MODLAUNCHER]: Initializing transformers for transformation service fml
[095月2026 10:23:10.233] [main/DEBUG] [net.minecraftforge.fml.loading.FMLServiceProvider/CORE]: Loading coremod transformers
[095月2026 10:23:10.233] [main/DEBUG] [net.minecraftforge.coremod.CoreModEngine/COREMOD]: Loading CoreMod from coremods/field_to_method.js
[095月2026 10:23:10.452] [main/DEBUG] [net.minecraftforge.coremod.CoreModEngine/COREMOD]: CoreMod loaded successfully
[095月2026 10:23:10.452] [main/DEBUG] [net.minecraftforge.coremod.CoreModEngine/COREMOD]: Loading CoreMod from coremods/field_to_instanceof.js
[095月2026 10:23:10.504] [main/DEBUG] [net.minecraftforge.coremod.CoreModEngine/COREMOD]: CoreMod loaded successfully
[095月2026 10:23:10.504] [main/DEBUG] [net.minecraftforge.coremod.CoreModEngine/COREMOD]: Loading CoreMod from coremods/add_bouncer_method.js
[095月2026 10:23:10.539] [main/DEBUG] [net.minecraftforge.coremod.CoreModEngine/COREMOD]: CoreMod loaded successfully
[095月2026 10:23:10.539] [main/DEBUG] [net.minecraftforge.coremod.CoreModEngine/COREMOD]: Loading CoreMod from coremods/method_redirector.js
[095月2026 10:23:10.590] [main/DEBUG] [net.minecraftforge.coremod.CoreModEngine/COREMOD]: CoreMod loaded successfully
[095月2026 10:23:10.604] [main/DEBUG] [cpw.mods.modlauncher.TransformStore/MODLAUNCHER]: Adding transformer net.minecraftforge.coremod.transformer.CoreModClassTransformer@7a3b7122 to Target : CLASS {Lnet/minecraft/world/level/biome/Biome;} {} {V}
[095月2026 10:23:10.605] [main/DEBUG] [cpw.mods.modlauncher.TransformStore/MODLAUNCHER]: Adding transformer net.minecraftforge.coremod.transformer.CoreModClassTransformer@428bdd72 to Target : CLASS {Lnet/minecraft/world/level/levelgen/structure/Structure;} {} {V}
[095月2026 10:23:10.605] [main/DEBUG] [cpw.mods.modlauncher.TransformStore/MODLAUNCHER]: Adding transformer net.minecraftforge.coremod.transformer.CoreModClassTransformer@650c405c to Target : CLASS {Lnet/minecraft/world/effect/MobEffectInstance;} {} {V}
[095月2026 10:23:10.606] [main/DEBUG] [cpw.mods.modlauncher.TransformStore/MODLAUNCHER]: Adding transformer net.minecraftforge.coremod.transformer.CoreModClassTransformer@20eaeaf8 to Target : CLASS {Lnet/minecraft/world/level/block/LiquidBlock;} {} {V}
[095月2026 10:23:10.606] [main/DEBUG] [cpw.mods.modlauncher.TransformStore/MODLAUNCHER]: Adding transformer net.minecraftforge.coremod.transformer.CoreModClassTransformer@748ac6f3 to Target : CLASS {Lnet/minecraft/world/item/BucketItem;} {} {V}
[095月2026 10:23:10.606] [main/DEBUG] [cpw.mods.modlauncher.TransformStore/MODLAUNCHER]: Adding transformer net.minecraftforge.coremod.transformer.CoreModClassTransformer@68f6e55d to Target : CLASS {Lnet/minecraft/world/level/block/StairBlock;} {} {V}
[095月2026 10:23:10.606] [main/DEBUG] [cpw.mods.modlauncher.TransformStore/MODLAUNCHER]: Adding transformer net.minecraftforge.coremod.transformer.CoreModClassTransformer@6fff46bf to Target : CLASS {Lnet/minecraft/world/level/block/FlowerPotBlock;} {} {V}
[095月2026 10:23:10.606] [main/DEBUG] [cpw.mods.modlauncher.TransformStore/MODLAUNCHER]: Adding transformer net.minecraftforge.coremod.transformer.CoreModClassTransformer@1835dc92 to Target : CLASS {Lnet/minecraft/world/item/ItemStack;} {} {V}
[095月2026 10:23:10.606] [main/DEBUG] [cpw.mods.modlauncher.TransformStore/MODLAUNCHER]: Adding transformer net.minecraftforge.coremod.transformer.CoreModClassTransformer@3aaa3c39 to Target : CLASS {Lnet/minecraft/network/play/client/CClientSettingsPacket;} {} {V}
[095月2026 10:23:10.606] [main/DEBUG] [cpw.mods.modlauncher.TransformStore/MODLAUNCHER]: Adding transformer net.minecraftforge.coremod.transformer.CoreModClassTransformer@65a9ea3c to Target : CLASS {Lnet/minecraft/world/entity/animal/frog/Tadpole;} {} {V}
[095月2026 10:23:10.606] [main/DEBUG] [cpw.mods.modlauncher.TransformStore/MODLAUNCHER]: Adding transformer net.minecraftforge.coremod.transformer.CoreModClassTransformer@65a9ea3c to Target : CLASS {Lnet/minecraft/world/entity/ai/village/VillageSiege;} {} {V}
[095月2026 10:23:10.606] [main/DEBUG] [cpw.mods.modlauncher.TransformStore/MODLAUNCHER]: Adding transformer net.minecraftforge.coremod.transformer.CoreModClassTransformer@65a9ea3c to Target : CLASS {Lnet/minecraft/world/entity/EntityType;} {} {V}
[095月2026 10:23:10.606] [main/DEBUG] [cpw.mods.modlauncher.TransformStore/MODLAUNCHER]: Adding transformer net.minecraftforge.coremod.transformer.CoreModClassTransformer@65a9ea3c to Target : CLASS {Lnet/minecraft/world/entity/monster/Zombie;} {} {V}
[095月2026 10:23:10.606] [main/DEBUG] [cpw.mods.modlauncher.TransformStore/MODLAUNCHER]: Adding transformer net.minecraftforge.coremod.transformer.CoreModClassTransformer@65a9ea3c to Target : CLASS {Lnet/minecraft/world/level/NaturalSpawner;} {} {V}
[095月2026 10:23:10.606] [main/DEBUG] [cpw.mods.modlauncher.TransformStore/MODLAUNCHER]: Adding transformer net.minecraftforge.coremod.transformer.CoreModClassTransformer@65a9ea3c to Target : CLASS {Lnet/minecraft/world/level/levelgen/structure/templatesystem/StructureTemplate;} {} {V}
[095月2026 10:23:10.607] [main/DEBUG] [cpw.mods.modlauncher.TransformStore/MODLAUNCHER]: Adding transformer net.minecraftforge.coremod.transformer.CoreModClassTransformer@65a9ea3c to Target : CLASS {Lnet/minecraft/world/entity/monster/Strider;} {} {V}
[095月2026 10:23:10.607] [main/DEBUG] [cpw.mods.modlauncher.TransformStore/MODLAUNCHER]: Adding transformer net.minecraftforge.coremod.transformer.CoreModClassTransformer@65a9ea3c to Target : CLASS {Lnet/minecraft/world/level/levelgen/structure/structures/WoodlandMansionPieces$WoodlandMansionPiece;} {} {V}
[095月2026 10:23:10.607] [main/DEBUG] [cpw.mods.modlauncher.TransformStore/MODLAUNCHER]: Adding transformer net.minecraftforge.coremod.transformer.CoreModClassTransformer@65a9ea3c to Target : CLASS {Lnet/minecraft/server/commands/RaidCommand;} {} {V}
[095月2026 10:23:10.607] [main/DEBUG] [cpw.mods.modlauncher.TransformStore/MODLAUNCHER]: Adding transformer net.minecraftforge.coremod.transformer.CoreModClassTransformer@65a9ea3c to Target : CLASS {Lnet/minecraft/world/entity/monster/Evoker$EvokerSummonSpellGoal;} {} {V}
[095月2026 10:23:10.607] [main/DEBUG] [cpw.mods.modlauncher.TransformStore/MODLAUNCHER]: Adding transformer net.minecraftforge.coremod.transformer.CoreModClassTransformer@65a9ea3c to Target : CLASS {Lnet/minecraft/world/level/levelgen/PatrolSpawner;} {} {V}
[095月2026 10:23:10.607] [main/DEBUG] [cpw.mods.modlauncher.TransformStore/MODLAUNCHER]: Adding transformer net.minecraftforge.coremod.transformer.CoreModClassTransformer@65a9ea3c to Target : CLASS {Lnet/minecraft/world/level/levelgen/structure/structures/OceanRuinPieces$OceanRuinPiece;} {} {V}
[095月2026 10:23:10.607] [main/DEBUG] [cpw.mods.modlauncher.TransformStore/MODLAUNCHER]: Adding transformer net.minecraftforge.coremod.transformer.CoreModClassTransformer@65a9ea3c to Target : CLASS {Lnet/minecraft/world/entity/animal/horse/SkeletonTrapGoal;} {} {V}
[095月2026 10:23:10.607] [main/DEBUG] [cpw.mods.modlauncher.TransformStore/MODLAUNCHER]: Adding transformer net.minecraftforge.coremod.transformer.CoreModClassTransformer@65a9ea3c to Target : CLASS {Lnet/minecraft/world/entity/npc/CatSpawner;} {} {V}
[095月2026 10:23:10.607] [main/DEBUG] [cpw.mods.modlauncher.TransformStore/MODLAUNCHER]: Adding transformer net.minecraftforge.coremod.transformer.CoreModClassTransformer@65a9ea3c to Target : CLASS {Lnet/minecraft/world/level/levelgen/PhantomSpawner;} {} {V}
[095月2026 10:23:10.607] [main/DEBUG] [cpw.mods.modlauncher.TransformStore/MODLAUNCHER]: Adding transformer net.minecraftforge.coremod.transformer.CoreModClassTransformer@65a9ea3c to Target : CLASS {Lnet/minecraft/server/commands/SummonCommand;} {} {V}
[095月2026 10:23:10.607] [main/DEBUG] [cpw.mods.modlauncher.TransformStore/MODLAUNCHER]: Adding transformer net.minecraftforge.coremod.transformer.CoreModClassTransformer@65a9ea3c to Target : CLASS {Lnet/minecraft/world/entity/monster/Spider;} {} {V}
[095月2026 10:23:10.607] [main/DEBUG] [cpw.mods.modlauncher.TransformStore/MODLAUNCHER]: Adding transformer net.minecraftforge.coremod.transformer.CoreModClassTransformer@65a9ea3c to Target : CLASS {Lnet/minecraft/world/entity/monster/ZombieVillager;} {} {V}
[095月2026 10:23:10.607] [main/DEBUG] [cpw.mods.modlauncher.TransformStore/MODLAUNCHER]: Adding transformer net.minecraftforge.coremod.transformer.CoreModClassTransformer@65a9ea3c to Target : CLASS {Lnet/minecraft/world/level/levelgen/structure/structures/SwampHutPiece;} {} {V}
[095月2026 10:23:10.607] [main/DEBUG] [cpw.mods.modlauncher.TransformStore/MODLAUNCHER]: Adding transformer net.minecraftforge.coremod.transformer.CoreModClassTransformer@65a9ea3c to Target : CLASS {Lnet/minecraft/world/entity/raid/Raid;} {} {V}
[095月2026 10:23:10.607] [main/DEBUG] [cpw.mods.modlauncher.TransformStore/MODLAUNCHER]: Adding transformer net.minecraftforge.coremod.transformer.CoreModClassTransformer@65a9ea3c to Target : CLASS {Lnet/minecraft/world/entity/npc/Villager;} {} {V}
[095月2026 10:23:10.607] [main/DEBUG] [cpw.mods.modlauncher.TransformStore/MODLAUNCHER]: Adding transformer net.minecraftforge.coremod.transformer.CoreModClassTransformer@65a9ea3c to Target : CLASS {Lnet/minecraft/world/level/levelgen/structure/structures/OceanMonumentPieces$OceanMonumentPiece;} {} {V}
[095月2026 10:23:10.607] [main/DEBUG] [cpw.mods.modlauncher.TransformationServiceDecorator/MODLAUNCHER]: Initialized transformers for transformation service fml
[095月2026 10:23:11.187] [main/DEBUG] [mixin/]: Processing prepare() for PlatformAgent[MixinPlatformAgentDefault:ModLauncher Root Container(ModLauncher:4f56a0a2)]
[095月2026 10:23:11.188] [main/DEBUG] [mixin/]: Registering mixin config: photon_or_epicfight.mixins.json
[095月2026 10:23:11.208] [main/DEBUG] [mixin/]: Compatibility level JAVA_17 specified by photon_or_epicfight.mixins.json is higher than the maximum level supported by this version of mixin (JAVA_13).
[095月2026 10:23:11.213] [main/INFO] [mixin/]: Compatibility level set to JAVA_17
[095月2026 10:23:11.213] [main/DEBUG] [mixin/]: Processing launch tasks for PlatformAgent[MixinPlatformAgentDefault:ModLauncher Root Container(ModLauncher:4f56a0a2)]
[095月2026 10:23:11.213] [main/DEBUG] [mixin/]: Adding mixin platform agents for container SecureJarResource(minecraft)
[095月2026 10:23:11.213] [main/DEBUG] [mixin/]: Instancing new MixinPlatformAgentMinecraftForge for SecureJarResource(minecraft)
[095月2026 10:23:11.213] [main/DEBUG] [mixin/]: MixinPlatformAgentMinecraftForge rejected container SecureJarResource(minecraft)
[095月2026 10:23:11.213] [main/DEBUG] [mixin/]: Instancing new MixinPlatformAgentDefault for SecureJarResource(minecraft)
[095月2026 10:23:11.213] [main/DEBUG] [mixin/]: MixinPlatformAgentDefault accepted container SecureJarResource(minecraft)
[095月2026 10:23:11.213] [main/DEBUG] [mixin/]: Processing prepare() for PlatformAgent[MixinPlatformAgentDefault:SecureJarResource(minecraft)]
[095月2026 10:23:11.213] [main/DEBUG] [mixin/]: Adding mixin platform agents for container SecureJarResource(moonlight)
[095月2026 10:23:11.213] [main/DEBUG] [mixin/]: Instancing new MixinPlatformAgentMinecraftForge for SecureJarResource(moonlight)
[095月2026 10:23:11.214] [main/DEBUG] [mixin/]: MixinPlatformAgentMinecraftForge rejected container SecureJarResource(moonlight)
[095月2026 10:23:11.214] [main/DEBUG] [mixin/]: Instancing new MixinPlatformAgentDefault for SecureJarResource(moonlight)
[095月2026 10:23:11.214] [main/DEBUG] [mixin/]: MixinPlatformAgentDefault accepted container SecureJarResource(moonlight)
[095月2026 10:23:11.214] [main/DEBUG] [mixin/]: Processing prepare() for PlatformAgent[MixinPlatformAgentDefault:SecureJarResource(moonlight)]
[095月2026 10:23:11.214] [main/DEBUG] [mixin/]: Registering mixin config: moonlight-common.mixins.json
[095月2026 10:23:11.215] [main/DEBUG] [mixin/]: Registering mixin config: moonlight.mixins.json
[095月2026 10:23:11.217] [main/DEBUG] [mixin/]: Adding mixin platform agents for container SecureJarResource(mixinsquared)
[095月2026 10:23:11.217] [main/DEBUG] [mixin/]: Instancing new MixinPlatformAgentMinecraftForge for SecureJarResource(mixinsquared)
[095月2026 10:23:11.217] [main/DEBUG] [mixin/]: MixinPlatformAgentMinecraftForge rejected container SecureJarResource(mixinsquared)
[095月2026 10:23:11.217] [main/DEBUG] [mixin/]: Instancing new MixinPlatformAgentDefault for SecureJarResource(mixinsquared)
[095月2026 10:23:11.217] [main/DEBUG] [mixin/]: MixinPlatformAgentDefault accepted container SecureJarResource(mixinsquared)
[095月2026 10:23:11.217] [main/DEBUG] [mixin/]: Processing prepare() for PlatformAgent[MixinPlatformAgentDefault:SecureJarResource(mixinsquared)]
[095月2026 10:23:11.217] [main/DEBUG] [mixin/]: Registering mixin config: mixinsquared.init.mixins.json
[095月2026 10:23:11.218] [main/DEBUG] [mixin/]: Adding mixin platform agents for container SecureJarResource(ferritecore)
[095月2026 10:23:11.218] [main/DEBUG] [mixin/]: Instancing new MixinPlatformAgentMinecraftForge for SecureJarResource(ferritecore)
[095月2026 10:23:11.218] [main/DEBUG] [mixin/]: MixinPlatformAgentMinecraftForge rejected container SecureJarResource(ferritecore)
[095月2026 10:23:11.218] [main/DEBUG] [mixin/]: Instancing new MixinPlatformAgentDefault for SecureJarResource(ferritecore)
[095月2026 10:23:11.218] [main/DEBUG] [mixin/]: MixinPlatformAgentDefault accepted container SecureJarResource(ferritecore)
[095月2026 10:23:11.218] [main/DEBUG] [mixin/]: Processing prepare() for PlatformAgent[MixinPlatformAgentDefault:SecureJarResource(ferritecore)]
[095月2026 10:23:11.218] [main/DEBUG] [mixin/]: Registering mixin config: ferritecore.predicates.mixin.json
[095月2026 10:23:11.220] [main/DEBUG] [mixin/]: Registering mixin config: ferritecore.fastmap.mixin.json
[095月2026 10:23:11.220] [main/DEBUG] [mixin/]: Registering mixin config: ferritecore.mrl.mixin.json
[095月2026 10:23:11.221] [main/DEBUG] [mixin/]: Registering mixin config: ferritecore.dedupmultipart.mixin.json
[095月2026 10:23:11.223] [main/DEBUG] [mixin/]: Registering mixin config: ferritecore.blockstatecache.mixin.json
[095月2026 10:23:11.224] [main/DEBUG] [mixin/]: Registering mixin config: ferritecore.dedupbakedquad.mixin.json
[095月2026 10:23:11.225] [main/DEBUG] [mixin/]: Registering mixin config: ferritecore.threaddetec.mixin.json
[095月2026 10:23:11.225] [main/DEBUG] [mixin/]: Registering mixin config: ferritecore.modelsides.mixin.json
[095月2026 10:23:11.228] [main/DEBUG] [mixin/]: Adding mixin platform agents for container SecureJarResource(ldlib)
[095月2026 10:23:11.228] [main/DEBUG] [mixin/]: Instancing new MixinPlatformAgentMinecraftForge for SecureJarResource(ldlib)
[095月2026 10:23:11.228] [main/DEBUG] [mixin/]: MixinPlatformAgentMinecraftForge rejected container SecureJarResource(ldlib)
[095月2026 10:23:11.228] [main/DEBUG] [mixin/]: Instancing new MixinPlatformAgentDefault for SecureJarResource(ldlib)
[095月2026 10:23:11.228] [main/DEBUG] [mixin/]: MixinPlatformAgentDefault accepted container SecureJarResource(ldlib)
[095月2026 10:23:11.228] [main/DEBUG] [mixin/]: Processing prepare() for PlatformAgent[MixinPlatformAgentDefault:SecureJarResource(ldlib)]
[095月2026 10:23:11.228] [main/DEBUG] [mixin/]: Registering mixin config: ldlib-common.mixins.json
[095月2026 10:23:11.229] [main/DEBUG] [mixin/]: Registering mixin config: ldlib.mixins.json
[095月2026 10:23:11.230] [main/DEBUG] [mixin/]: Adding mixin platform agents for container SecureJarResource(photon)
[095月2026 10:23:11.230] [main/DEBUG] [mixin/]: Instancing new MixinPlatformAgentMinecraftForge for SecureJarResource(photon)
[095月2026 10:23:11.230] [main/DEBUG] [mixin/]: MixinPlatformAgentMinecraftForge rejected container SecureJarResource(photon)
[095月2026 10:23:11.230] [main/DEBUG] [mixin/]: Instancing new MixinPlatformAgentDefault for SecureJarResource(photon)
[095月2026 10:23:11.230] [main/DEBUG] [mixin/]: MixinPlatformAgentDefault accepted container SecureJarResource(photon)
[095月2026 10:23:11.230] [main/DEBUG] [mixin/]: Processing prepare() for PlatformAgent[MixinPlatformAgentDefault:SecureJarResource(photon)]
[095月2026 10:23:11.230] [main/DEBUG] [mixin/]: Registering mixin config: photon-common.mixins.json
[095月2026 10:23:11.232] [main/DEBUG] [mixin/]: Registering mixin config: photon.mixins.json
[095月2026 10:23:11.233] [main/DEBUG] [mixin/]: Adding mixin platform agents for container SecureJarResource(forge)
[095月2026 10:23:11.234] [main/DEBUG] [mixin/]: Instancing new MixinPlatformAgentMinecraftForge for SecureJarResource(forge)
[095月2026 10:23:11.234] [main/DEBUG] [mixin/]: MixinPlatformAgentMinecraftForge rejected container SecureJarResource(forge)
[095月2026 10:23:11.234] [main/DEBUG] [mixin/]: Instancing new MixinPlatformAgentDefault for SecureJarResource(forge)
[095月2026 10:23:11.234] [main/DEBUG] [mixin/]: MixinPlatformAgentDefault accepted container SecureJarResource(forge)
[095月2026 10:23:11.234] [main/DEBUG] [mixin/]: Processing prepare() for PlatformAgent[MixinPlatformAgentDefault:SecureJarResource(forge)]
[095月2026 10:23:11.234] [main/DEBUG] [mixin/]: Adding mixin platform agents for container SecureJarResource(dummmmmmy)
[095月2026 10:23:11.234] [main/DEBUG] [mixin/]: Instancing new MixinPlatformAgentMinecraftForge for SecureJarResource(dummmmmmy)
[095月2026 10:23:11.234] [main/DEBUG] [mixin/]: MixinPlatformAgentMinecraftForge rejected container SecureJarResource(dummmmmmy)
[095月2026 10:23:11.234] [main/DEBUG] [mixin/]: Instancing new MixinPlatformAgentDefault for SecureJarResource(dummmmmmy)
[095月2026 10:23:11.234] [main/DEBUG] [mixin/]: MixinPlatformAgentDefault accepted container SecureJarResource(dummmmmmy)
[095月2026 10:23:11.234] [main/DEBUG] [mixin/]: Processing prepare() for PlatformAgent[MixinPlatformAgentDefault:SecureJarResource(dummmmmmy)]
[095月2026 10:23:11.234] [main/DEBUG] [mixin/]: Registering mixin config: dummmmmmy-common.mixins.json
[095月2026 10:23:11.236] [main/DEBUG] [mixin/]: Registering mixin config: dummmmmmy.mixins.json
[095月2026 10:23:11.237] [main/DEBUG] [mixin/]: Compatibility level JAVA_16 specified by dummmmmmy.mixins.json is higher than the maximum level supported by this version of mixin (JAVA_13).
[095月2026 10:23:11.238] [main/DEBUG] [mixin/]: Adding mixin platform agents for container SecureJarResource(epicfight)
[095月2026 10:23:11.238] [main/DEBUG] [mixin/]: Instancing new MixinPlatformAgentMinecraftForge for SecureJarResource(epicfight)
[095月2026 10:23:11.238] [main/DEBUG] [mixin/]: MixinPlatformAgentMinecraftForge rejected container SecureJarResource(epicfight)
[095月2026 10:23:11.238] [main/DEBUG] [mixin/]: Instancing new MixinPlatformAgentDefault for SecureJarResource(epicfight)
[095月2026 10:23:11.238] [main/DEBUG] [mixin/]: MixinPlatformAgentDefault accepted container SecureJarResource(epicfight)
[095月2026 10:23:11.238] [main/DEBUG] [mixin/]: Processing prepare() for PlatformAgent[MixinPlatformAgentDefault:SecureJarResource(epicfight)]
[095月2026 10:23:11.238] [main/DEBUG] [mixin/]: Registering mixin config: mixins.epicfight.json
[095月2026 10:23:11.239] [main/DEBUG] [mixin/]: Adding mixin platform agents for container SecureJarResource(modernfix)
[095月2026 10:23:11.239] [main/DEBUG] [mixin/]: Instancing new MixinPlatformAgentMinecraftForge for SecureJarResource(modernfix)
[095月2026 10:23:11.239] [main/DEBUG] [mixin/]: MixinPlatformAgentMinecraftForge rejected container SecureJarResource(modernfix)
[095月2026 10:23:11.239] [main/DEBUG] [mixin/]: Instancing new MixinPlatformAgentDefault for SecureJarResource(modernfix)
[095月2026 10:23:11.240] [main/DEBUG] [mixin/]: MixinPlatformAgentDefault accepted container SecureJarResource(modernfix)
[095月2026 10:23:11.240] [main/DEBUG] [mixin/]: Processing prepare() for PlatformAgent[MixinPlatformAgentDefault:SecureJarResource(modernfix)]
[095月2026 10:23:11.240] [main/DEBUG] [mixin/]: Registering mixin config: modernfix-modernfix.mixins.json
[095月2026 10:23:11.241] [main/DEBUG] [mixin/]: Adding mixin platform agents for container SecureJarResource(photon_or_epicfight)
[095月2026 10:23:11.241] [main/DEBUG] [mixin/]: Instancing new MixinPlatformAgentMinecraftForge for SecureJarResource(photon_or_epicfight)
[095月2026 10:23:11.241] [main/DEBUG] [mixin/]: MixinPlatformAgentMinecraftForge rejected container SecureJarResource(photon_or_epicfight)
[095月2026 10:23:11.241] [main/DEBUG] [mixin/]: Instancing new MixinPlatformAgentDefault for SecureJarResource(photon_or_epicfight)
[095月2026 10:23:11.241] [main/DEBUG] [mixin/]: MixinPlatformAgentDefault accepted container SecureJarResource(photon_or_epicfight)
[095月2026 10:23:11.241] [main/DEBUG] [mixin/]: Processing prepare() for PlatformAgent[MixinPlatformAgentDefault:SecureJarResource(photon_or_epicfight)]
[095月2026 10:23:11.241] [main/DEBUG] [mixin/]: Adding mixin platform agents for container SecureJarResource(mixinextras)
[095月2026 10:23:11.241] [main/DEBUG] [mixin/]: Instancing new MixinPlatformAgentMinecraftForge for SecureJarResource(mixinextras)
[095月2026 10:23:11.241] [main/DEBUG] [mixin/]: MixinPlatformAgentMinecraftForge rejected container SecureJarResource(mixinextras)
[095月2026 10:23:11.241] [main/DEBUG] [mixin/]: Instancing new MixinPlatformAgentDefault for SecureJarResource(mixinextras)
[095月2026 10:23:11.241] [main/DEBUG] [mixin/]: MixinPlatformAgentDefault accepted container SecureJarResource(mixinextras)
[095月2026 10:23:11.241] [main/DEBUG] [mixin/]: Processing prepare() for PlatformAgent[MixinPlatformAgentDefault:SecureJarResource(mixinextras)]
[095月2026 10:23:11.241] [main/DEBUG] [mixin/]: Registering mixin config: mixinextras.init.mixins.json
[095月2026 10:23:11.242] [main/DEBUG] [mixin/]: Adding mixin platform agents for container SecureJarResource(MixinExtras)
[095月2026 10:23:11.242] [main/DEBUG] [mixin/]: Instancing new MixinPlatformAgentMinecraftForge for SecureJarResource(MixinExtras)
[095月2026 10:23:11.242] [main/DEBUG] [mixin/]: MixinPlatformAgentMinecraftForge rejected container SecureJarResource(MixinExtras)
[095月2026 10:23:11.242] [main/DEBUG] [mixin/]: Instancing new MixinPlatformAgentDefault for SecureJarResource(MixinExtras)
[095月2026 10:23:11.242] [main/DEBUG] [mixin/]: MixinPlatformAgentDefault accepted container SecureJarResource(MixinExtras)
[095月2026 10:23:11.242] [main/DEBUG] [mixin/]: Processing prepare() for PlatformAgent[MixinPlatformAgentDefault:SecureJarResource(MixinExtras)]
[095月2026 10:23:11.242] [main/DEBUG] [mixin/]: Adding mixin platform agents for container SecureJarResource(MixinSquared)
[095月2026 10:23:11.242] [main/DEBUG] [mixin/]: Instancing new MixinPlatformAgentMinecraftForge for SecureJarResource(MixinSquared)
[095月2026 10:23:11.243] [main/DEBUG] [mixin/]: MixinPlatformAgentMinecraftForge rejected container SecureJarResource(MixinSquared)
[095月2026 10:23:11.243] [main/DEBUG] [mixin/]: Instancing new MixinPlatformAgentDefault for SecureJarResource(MixinSquared)
[095月2026 10:23:11.243] [main/DEBUG] [mixin/]: MixinPlatformAgentDefault accepted container SecureJarResource(MixinSquared)
[095月2026 10:23:11.243] [main/DEBUG] [mixin/]: Processing prepare() for PlatformAgent[MixinPlatformAgentDefault:SecureJarResource(MixinSquared)]
[095月2026 10:23:11.243] [main/DEBUG] [mixin/]: inject() running with 15 agents
[095月2026 10:23:11.243] [main/DEBUG] [mixin/]: Processing inject() for PlatformAgent[MixinPlatformAgentDefault:ModLauncher Root Container(ModLauncher:4f56a0a2)]
[095月2026 10:23:11.243] [main/DEBUG] [mixin/]: Processing inject() for PlatformAgent[MixinPlatformAgentDefault:SecureJarResource(minecraft)]
[095月2026 10:23:11.243] [main/DEBUG] [mixin/]: Processing inject() for PlatformAgent[MixinPlatformAgentDefault:SecureJarResource(moonlight)]
[095月2026 10:23:11.243] [main/DEBUG] [mixin/]: Processing inject() for PlatformAgent[MixinPlatformAgentDefault:SecureJarResource(mixinsquared)]
[095月2026 10:23:11.243] [main/DEBUG] [mixin/]: Processing inject() for PlatformAgent[MixinPlatformAgentDefault:SecureJarResource(ferritecore)]
[095月2026 10:23:11.243] [main/DEBUG] [mixin/]: Processing inject() for PlatformAgent[MixinPlatformAgentDefault:SecureJarResource(ldlib)]
[095月2026 10:23:11.243] [main/DEBUG] [mixin/]: Processing inject() for PlatformAgent[MixinPlatformAgentDefault:SecureJarResource(photon)]
[095月2026 10:23:11.244] [main/DEBUG] [mixin/]: Processing inject() for PlatformAgent[MixinPlatformAgentDefault:SecureJarResource(forge)]
[095月2026 10:23:11.244] [main/DEBUG] [mixin/]: Processing inject() for PlatformAgent[MixinPlatformAgentDefault:SecureJarResource(dummmmmmy)]
[095月2026 10:23:11.244] [main/DEBUG] [mixin/]: Processing inject() for PlatformAgent[MixinPlatformAgentDefault:SecureJarResource(epicfight)]
[095月2026 10:23:11.244] [main/DEBUG] [mixin/]: Processing inject() for PlatformAgent[MixinPlatformAgentDefault:SecureJarResource(modernfix)]
[095月2026 10:23:11.244] [main/DEBUG] [mixin/]: Processing inject() for PlatformAgent[MixinPlatformAgentDefault:SecureJarResource(photon_or_epicfight)]
[095月2026 10:23:11.244] [main/DEBUG] [mixin/]: Processing inject() for PlatformAgent[MixinPlatformAgentDefault:SecureJarResource(mixinextras)]
[095月2026 10:23:11.244] [main/DEBUG] [mixin/]: Processing inject() for PlatformAgent[MixinPlatformAgentDefault:SecureJarResource(MixinExtras)]
[095月2026 10:23:11.244] [main/DEBUG] [mixin/]: Processing inject() for PlatformAgent[MixinPlatformAgentDefault:SecureJarResource(MixinSquared)]
[095月2026 10:23:11.245] [main/INFO] [cpw.mods.modlauncher.LaunchServiceHandler/MODLAUNCHER]: Launching target 'forgeclientuserdev' with arguments [--version, MOD_DEV, --gameDir, ., --assetsDir, C:\Users\19810\.gradle\caches\forge_gradle\assets, --assetIndex, 5]
[095月2026 10:23:11.377] [main/DEBUG] [mixin/]: Error cleaning class output directory: .mixin.out
[095月2026 10:23:11.381] [main/DEBUG] [mixin/]: Preparing mixins for MixinEnvironment[DEFAULT]
[095月2026 10:23:11.382] [main/DEBUG] [mixin/]: Selecting config photon_or_epicfight.mixins.json
[095月2026 10:23:11.391] [main/WARN] [mixin/]: Reference map 'photon_or_epicfight.refmap.json' for photon_or_epicfight.mixins.json could not be read. If this is a development environment you can ignore this message
[095月2026 10:23:11.392] [main/DEBUG] [mixin/]: Selecting config moonlight-common.mixins.json
[095月2026 10:23:11.604] [main/INFO] [mixin/]: Remapping refMap moonlight-common-refmap.json using D:\game\bag\endless\photon or epicfight\build\createSrgToMcp\output.srg
[095月2026 10:23:11.604] [main/DEBUG] [mixin/]: Selecting config moonlight.mixins.json
[095月2026 10:23:11.605] [main/INFO] [mixin/]: Remapping refMap moonlight-forge-refmap.json using D:\game\bag\endless\photon or epicfight\build\createSrgToMcp\output.srg
[095月2026 10:23:11.606] [main/DEBUG] [mixin/]: Selecting config mixinsquared.init.mixins.json
[095月2026 10:23:11.616] [main/DEBUG] [mixin/]: Registering new target selector for @mixinsquared:handler with com.bawnorton.mixinsquared.selector.DynamicSelectorHandler
[095月2026 10:23:11.622] [main/DEBUG] [mixin/]: Selecting config ferritecore.predicates.mixin.json
[095月2026 10:23:11.637] [main/INFO] [mixin/]: Remapping refMap ferritecore.refmap.json using D:\game\bag\endless\photon or epicfight\build\createSrgToMcp\output.srg
[095月2026 10:23:11.637] [main/DEBUG] [mixin/]: Selecting config ferritecore.fastmap.mixin.json
[095月2026 10:23:11.639] [main/INFO] [mixin/]: Remapping refMap ferritecore.refmap.json using D:\game\bag\endless\photon or epicfight\build\createSrgToMcp\output.srg
[095月2026 10:23:11.639] [main/DEBUG] [mixin/]: Selecting config ferritecore.mrl.mixin.json
[095月2026 10:23:11.640] [main/INFO] [mixin/]: Remapping refMap ferritecore.refmap.json using D:\game\bag\endless\photon or epicfight\build\createSrgToMcp\output.srg
[095月2026 10:23:11.640] [main/DEBUG] [mixin/]: Selecting config ferritecore.dedupmultipart.mixin.json
[095月2026 10:23:11.642] [main/INFO] [mixin/]: Remapping refMap ferritecore.refmap.json using D:\game\bag\endless\photon or epicfight\build\createSrgToMcp\output.srg
[095月2026 10:23:11.642] [main/DEBUG] [mixin/]: Selecting config ferritecore.blockstatecache.mixin.json
[095月2026 10:23:11.644] [main/INFO] [mixin/]: Remapping refMap ferritecore.refmap.json using D:\game\bag\endless\photon or epicfight\build\createSrgToMcp\output.srg
[095月2026 10:23:11.644] [main/DEBUG] [mixin/]: Selecting config ferritecore.dedupbakedquad.mixin.json
[095月2026 10:23:11.646] [main/INFO] [mixin/]: Remapping refMap ferritecore.refmap.json using D:\game\bag\endless\photon or epicfight\build\createSrgToMcp\output.srg
[095月2026 10:23:11.646] [main/DEBUG] [mixin/]: Selecting config ferritecore.threaddetec.mixin.json
[095月2026 10:23:11.647] [main/INFO] [mixin/]: Remapping refMap ferritecore.refmap.json using D:\game\bag\endless\photon or epicfight\build\createSrgToMcp\output.srg
[095月2026 10:23:11.647] [main/DEBUG] [mixin/]: Selecting config ferritecore.modelsides.mixin.json
[095月2026 10:23:11.648] [main/INFO] [mixin/]: Remapping refMap ferritecore.refmap.json using D:\game\bag\endless\photon or epicfight\build\createSrgToMcp\output.srg
[095月2026 10:23:11.648] [main/DEBUG] [mixin/]: Selecting config ldlib-common.mixins.json
[095月2026 10:23:11.651] [main/INFO] [mixin/]: Remapping refMap ldlib-common-1.20.1-ldlib-common-refmap.json using D:\game\bag\endless\photon or epicfight\build\createSrgToMcp\output.srg
[095月2026 10:23:11.651] [main/DEBUG] [mixin/]: Selecting config ldlib.mixins.json
[095月2026 10:23:11.653] [main/INFO] [mixin/]: Remapping refMap ldlib-forge-1.20.1-ldlib-forge-refmap.json using D:\game\bag\endless\photon or epicfight\build\createSrgToMcp\output.srg
[095月2026 10:23:11.653] [main/DEBUG] [mixin/]: Selecting config photon-common.mixins.json
[095月2026 10:23:11.655] [main/INFO] [mixin/]: Remapping refMap photon-common-1.20.1-photon-common-refmap.json using D:\game\bag\endless\photon or epicfight\build\createSrgToMcp\output.srg
[095月2026 10:23:11.655] [main/DEBUG] [mixin/]: Selecting config photon.mixins.json
[095月2026 10:23:11.656] [main/INFO] [mixin/]: Remapping refMap photon-forge-1.20.1-photon-forge-refmap.json using D:\game\bag\endless\photon or epicfight\build\createSrgToMcp\output.srg
[095月2026 10:23:11.657] [main/DEBUG] [mixin/]: Selecting config dummmmmmy-common.mixins.json
[095月2026 10:23:11.657] [main/INFO] [mixin/]: Remapping refMap dummmmmmy-common-refmap.json using D:\game\bag\endless\photon or epicfight\build\createSrgToMcp\output.srg
[095月2026 10:23:11.657] [main/DEBUG] [mixin/]: Selecting config dummmmmmy.mixins.json
[095月2026 10:23:11.658] [main/DEBUG] [mixin/]: Selecting config mixins.epicfight.json
[095月2026 10:23:11.660] [main/INFO] [mixin/]: Remapping refMap mixins.epicfight.refmap.json using D:\game\bag\endless\photon or epicfight\build\createSrgToMcp\output.srg
[095月2026 10:23:11.660] [main/DEBUG] [mixin/]: Selecting config modernfix-modernfix.mixins.json
[095月2026 10:23:11.753] [main/INFO] [ModernFix/]: Loaded configuration file for ModernFix 5.27.21+mc1.20.1: 108 options available, 0 override(s) found
[095月2026 10:23:11.755] [main/INFO] [ModernFix/]: Applying Nashorn fix
[095月2026 10:23:11.793] [main/INFO] [ModernFix/]: Applied Forge config corruption patch
[095月2026 10:23:11.798] [main/INFO] [ModernFix/]: Configuring Minecraft's max.bg.threads option with 29 threads
[095月2026 10:23:11.804] [main/INFO] [mixin/]: Remapping refMap modernfix.refmap.json using D:\game\bag\endless\photon or epicfight\build\createSrgToMcp\output.srg
[095月2026 10:23:11.805] [main/DEBUG] [mixin/]: Selecting config mixinextras.init.mixins.json
[095月2026 10:23:11.864] [main/DEBUG] [MixinExtras|Service/]: com.llamalad7.mixinextras.service.MixinExtrasServiceImpl(version=0.5.0) is taking over from null
[095月2026 10:23:11.903] [main/DEBUG] [mixin/]: Registering new injector for @Inject with org.spongepowered.asm.mixin.injection.struct.CallbackInjectionInfo
[095月2026 10:23:11.905] [main/DEBUG] [mixin/]: Registering new injector for @ModifyArg with org.spongepowered.asm.mixin.injection.struct.ModifyArgInjectionInfo
[095月2026 10:23:11.906] [main/DEBUG] [mixin/]: Registering new injector for @ModifyArgs with org.spongepowered.asm.mixin.injection.struct.ModifyArgsInjectionInfo
[095月2026 10:23:11.906] [main/DEBUG] [mixin/]: Registering new injector for @Redirect with org.spongepowered.asm.mixin.injection.struct.RedirectInjectionInfo
[095月2026 10:23:11.908] [main/DEBUG] [mixin/]: Registering new injector for @ModifyVariable with org.spongepowered.asm.mixin.injection.struct.ModifyVariableInjectionInfo
[095月2026 10:23:11.909] [main/DEBUG] [mixin/]: Registering new injector for @ModifyConstant with org.spongepowered.asm.mixin.injection.struct.ModifyConstantInjectionInfo
[095月2026 10:23:11.921] [main/DEBUG] [mixin/]: Preparing photon_or_epicfight.mixins.json (7)
[095月2026 10:23:11.972] [main/DEBUG] [mixin/]: @Mixin target com.lowdragmc.lowdraglib.gui.editor.ui.menu.ViewMenu is public in photon_or_epicfight.mixins.json:MixinViewMenu and should be specified in value
[095月2026 10:23:11.976] [main/DEBUG] [mixin/]: Preparing moonlight-common.mixins.json (40)
[095月2026 10:23:12.069] [main/DEBUG] [net.minecraftforge.coremod.transformer.CoreModBaseTransformer/COREMOD]: Transforming net/minecraft/world/entity/npc/Villager
[095月2026 10:23:12.302] [main/DEBUG] [mixin/]: Preparing moonlight.mixins.json (13)
[095月2026 10:23:12.319] [main/DEBUG] [mixin/]: Preparing mixinsquared.init.mixins.json (0)
[095月2026 10:23:12.319] [main/DEBUG] [mixin/]: Preparing ferritecore.predicates.mixin.json (3)
[095月2026 10:23:12.321] [main/DEBUG] [mixin/]: Preparing ferritecore.fastmap.mixin.json (1)
[095月2026 10:23:12.322] [main/DEBUG] [mixin/]: Preparing ferritecore.mrl.mixin.json (2)
[095月2026 10:23:12.325] [main/DEBUG] [mixin/]: Preparing ferritecore.dedupmultipart.mixin.json (2)
[095月2026 10:23:12.329] [main/DEBUG] [mixin/]: Preparing ferritecore.blockstatecache.mixin.json (8)
[095月2026 10:23:12.340] [main/DEBUG] [mixin/]: @Mixin target net/minecraft/world/level/block/state/BlockBehaviour$BlockStateBase$Cache is public in ferritecore.blockstatecache.mixin.json:BlockStateCacheMixin and should be specified in value
[095月2026 10:23:12.342] [main/DEBUG] [mixin/]: Preparing ferritecore.dedupbakedquad.mixin.json (2)
[095月2026 10:23:12.343] [main/DEBUG] [mixin/]: Preparing ferritecore.threaddetec.mixin.json (1)
[095月2026 10:23:12.344] [main/DEBUG] [mixin/]: Preparing ferritecore.modelsides.mixin.json (1)
[095月2026 10:23:12.345] [main/DEBUG] [mixin/]: Preparing ldlib-common.mixins.json (29)
[095月2026 10:23:12.390] [main/DEBUG] [mixin/]: Preparing ldlib.mixins.json (3)
[095月2026 10:23:12.396] [main/DEBUG] [mixin/]: @Mixin target net/minecraft/client/resources/model/ModelBakery$ModelBakerImpl is public in ldlib.mixins.json:ModelBakerImplMixin and should be specified in value
[095月2026 10:23:12.396] [main/DEBUG] [mixin/]: Preparing photon-common.mixins.json (5)
[095月2026 10:23:12.400] [main/DEBUG] [mixin/]: Preparing photon.mixins.json (3)
[095月2026 10:23:12.402] [main/DEBUG] [mixin/]: Preparing dummmmmmy-common.mixins.json (5)
[095月2026 10:23:12.416] [main/DEBUG] [mixin/]: Preparing dummmmmmy.mixins.json (0)
[095月2026 10:23:12.417] [main/DEBUG] [mixin/]: Preparing mixins.epicfight.json (39)
[095月2026 10:23:12.463] [main/WARN] [mixin/]: Error loading class: dev/tr7zw/skinlayers/versionless/render/CustomModelPart (java.lang.ClassNotFoundException: dev.tr7zw.skinlayers.versionless.render.CustomModelPart)
[095月2026 10:23:12.463] [main/WARN] [mixin/]: @Mixin target dev.tr7zw.skinlayers.versionless.render.CustomModelPart was not found mixins.epicfight.json:skinlayers.MixinCustomModelPart
[095月2026 10:23:12.465] [main/WARN] [mixin/]: Error loading class: dev/tr7zw/skinlayers/versionless/render/CustomizableCube (java.lang.ClassNotFoundException: dev.tr7zw.skinlayers.versionless.render.CustomizableCube)
[095月2026 10:23:12.465] [main/WARN] [mixin/]: @Mixin target dev.tr7zw.skinlayers.versionless.render.CustomizableCube was not found mixins.epicfight.json:skinlayers.MixinCustomizableCubeWrapper$SkinLayer3DMixinCustomModelCube
[095月2026 10:23:12.466] [main/WARN] [mixin/]: Error loading class: de/teamlapen/vampirism/client/renderer/entity/layers/VampirePlayerHeadLayer (java.lang.ClassNotFoundException: de.teamlapen.vampirism.client.renderer.entity.layers.VampirePlayerHeadLayer)
[095月2026 10:23:12.466] [main/WARN] [mixin/]: @Mixin target de.teamlapen.vampirism.client.renderer.entity.layers.VampirePlayerHeadLayer was not found mixins.epicfight.json:teamlapen.MixinVampirePlayerHeadLayer
[095月2026 10:23:12.467] [main/WARN] [mixin/]: Error loading class: de/teamlapen/werewolves/client/render/layer/HumanWerewolfLayer (java.lang.ClassNotFoundException: de.teamlapen.werewolves.client.render.layer.HumanWerewolfLayer)
[095月2026 10:23:12.467] [main/WARN] [mixin/]: @Mixin target de.teamlapen.werewolves.client.render.layer.HumanWerewolfLayer was not found mixins.epicfight.json:teamlapen.MixinHumanWerewolfLayer
[095月2026 10:23:12.467] [main/DEBUG] [mixin/]: Preparing modernfix-modernfix.mixins.json (183)
[095月2026 10:23:12.578] [main/DEBUG] [mixin/]: @Mixin target net/minecraft/world/level/levelgen/SurfaceRules$Context is public in modernfix-modernfix.mixins.json:perf.worldgen_allocation.SurfaceRulesContextMixin and should be specified in value
[095月2026 10:23:12.583] [main/DEBUG] [net.minecraftforge.coremod.transformer.CoreModBaseTransformer/COREMOD]: Transforming net/minecraft/world/level/biome/Biome
[095月2026 10:23:12.595] [main/DEBUG] [mixin/]: @Mixin target net/minecraft/world/level/levelgen/SurfaceRules$SequenceRuleSource is public in modernfix-modernfix.mixins.json:perf.optimize_surface_rules.SequenceRuleSourceMixin and should be specified in value
[095月2026 10:23:12.656] [main/DEBUG] [mixin/]: Preparing mixinextras.init.mixins.json (0)
[095月2026 10:23:12.687] [main/DEBUG] [mixin/]: Inner class net/mehvahdjukaar/moonlight/core/mixins/forge/ItemMixin$1 in net/mehvahdjukaar/moonlight/core/mixins/forge/ItemMixin on net/minecraft/world/item/Item gets unique name net/minecraft/world/item/Item$Anonymous$49bb6a3d0424443087a19024b2ba9a77
[095月2026 10:23:12.690] [main/DEBUG] [mixin/]: Inner class com/lowdragmc/lowdraglib/core/mixins/ItemModelShaperMixin$1 in com/lowdragmc/lowdraglib/core/mixins/ItemModelShaperMixin on net/minecraft/client/renderer/ItemModelShaper gets unique name net/minecraft/client/renderer/ItemModelShaper$Anonymous$4fc138bc5bc449909c01bffb41ccbe8d
[095月2026 10:23:12.714] [main/DEBUG] [mixin/]: Inner class org/embeddedt/modernfix/common/mixin/perf/forge_registry_alloc/DebugLevelSourceMixin$1 in org/embeddedt/modernfix/common/mixin/perf/forge_registry_alloc/DebugLevelSourceMixin on net/minecraft/world/level/levelgen/DebugLevelSource gets unique name net/minecraft/world/level/levelgen/DebugLevelSource$Anonymous$e25472cf3fa247ae9b0fd73a68aa050b
[095月2026 10:23:12.722] [main/DEBUG] [mixin/]: Prepared 291 mixins in 1.339 sec (4.6ms avg) (0ms load, 0ms transform, 0ms plugin)
[095月2026 10:23:12.748] [main/INFO] [MixinExtras|Service/]: Initializing MixinExtras via com.llamalad7.mixinextras.service.MixinExtrasServiceImpl(version=0.5.0).
[095月2026 10:23:12.748] [main/DEBUG] [mixin/]: Registering new injector for @SugarWrapper with com.llamalad7.mixinextras.sugar.impl.SugarWrapperInjectionInfo
[095月2026 10:23:12.749] [main/DEBUG] [mixin/]: Registering new injector for @FactoryRedirectWrapper with com.llamalad7.mixinextras.wrapper.factory.FactoryRedirectWrapperInjectionInfo
[095月2026 10:23:12.749] [main/DEBUG] [mixin/]: Registering new injector for @ExpressionInjectorWrapper with com.llamalad7.mixinextras.expression.impl.wrapper.ExpressionInjectorWrapperInjectionInfo
[095月2026 10:23:12.770] [main/DEBUG] [mixin/]: Mixing MinecraftMixin from moonlight-common.mixins.json into net.minecraft.client.Minecraft
[095月2026 10:23:12.779] [main/DEBUG] [net.minecraftforge.coremod.transformer.CoreModBaseTransformer/COREMOD]: Transforming net/minecraft/world/item/ItemStack
[095月2026 10:23:12.793] [main/DEBUG] [mixin/]: Mixing accessor.MinecraftAccessor from photon-common.mixins.json into net.minecraft.client.Minecraft
[095月2026 10:23:12.794] [main/DEBUG] [mixin/]: Renaming @Accessor method getFps()I to getFps_$md$edb9e6$0 in photon-common.mixins.json:accessor.MinecraftAccessor
[095月2026 10:23:12.810] [main/DEBUG] [mixin/]: Mixing client.MixinMinecraft from mixins.epicfight.json into net.minecraft.client.Minecraft
[095月2026 10:23:12.835] [main/DEBUG] [mixin/]: Mixing bugfix.world_leaks.MinecraftMixin from modernfix-modernfix.mixins.json into net.minecraft.client.Minecraft
[095月2026 10:23:12.839] [main/DEBUG] [mixin/]: Mixing devenv.MinecraftMixin from modernfix-modernfix.mixins.json into net.minecraft.client.Minecraft
[095月2026 10:23:12.840] [main/DEBUG] [mixin/]: Mixing perf.blast_search_trees.MinecraftMixin from modernfix-modernfix.mixins.json into net.minecraft.client.Minecraft
[095月2026 10:23:12.840] [main/DEBUG] [mixin/]: Renaming synthetic method lambda$replaceSearchTrees$2(Lorg/embeddedt/modernfix/searchtree/SearchTreeProviderRegistry$Provider;Ljava/util/List;)Lnet/minecraft/client/searchtree/RefreshableSearchTree; to mdedb9e6$lambda$replaceSearchTrees$2$1 in modernfix-modernfix.mixins.json:perf.blast_search_trees.MinecraftMixin
[095月2026 10:23:12.840] [main/DEBUG] [mixin/]: Renaming synthetic method lambda$replaceSearchTrees$1(Lorg/embeddedt/modernfix/searchtree/SearchTreeProviderRegistry$Provider;Ljava/util/List;)Lnet/minecraft/client/searchtree/RefreshableSearchTree; to mdedb9e6$lambda$replaceSearchTrees$1$2 in modernfix-modernfix.mixins.json:perf.blast_search_trees.MinecraftMixin
[095月2026 10:23:12.840] [main/DEBUG] [mixin/]: Renaming synthetic method lambda$replaceSearchTrees$0(Lorg/embeddedt/modernfix/searchtree/SearchTreeProviderRegistry$Provider;Ljava/util/List;)Lnet/minecraft/client/searchtree/RefreshableSearchTree; to mdedb9e6$lambda$replaceSearchTrees$0$3 in modernfix-modernfix.mixins.json:perf.blast_search_trees.MinecraftMixin
[095月2026 10:23:12.849] [main/DEBUG] [mixin/]: Mixing perf.suspend_integrated_server_during_load.MinecraftMixin from modernfix-modernfix.mixins.json into net.minecraft.client.Minecraft
[095月2026 10:23:12.851] [main/DEBUG] [mixin/]: Mixing perf.dedicated_reload_executor.MinecraftMixin from modernfix-modernfix.mixins.json into net.minecraft.client.Minecraft
[095月2026 10:23:12.851] [main/DEBUG] [mixin/]: Mixing feature.measure_time.MinecraftMixin_Forge from modernfix-modernfix.mixins.json into net.minecraft.client.Minecraft
[095月2026 10:23:12.853] [main/DEBUG] [mixin/]: Mixing feature.measure_time.MinecraftMixin from modernfix-modernfix.mixins.json into net.minecraft.client.Minecraft
[095月2026 10:23:12.854] [main/DEBUG] [mixin/]: Mixing feature.remove_telemetry.MinecraftMixin_Telemetry from modernfix-modernfix.mixins.json into net.minecraft.client.Minecraft
[095月2026 10:23:13.349] [main/DEBUG] [mixin/]: Mixing perf.tag_id_caching.TagOrElementLocationMixin from modernfix-modernfix.mixins.json into net.minecraft.util.ExtraCodecs$TagOrElementLocation
[095月2026 10:23:13.412] [main/DEBUG] [io.netty.util.internal.logging.InternalLoggerFactory/]: Using SLF4J as the default logging framework
[095月2026 10:23:13.415] [main/DEBUG] [io.netty.util.ResourceLeakDetector/]: -Dio.netty.leakDetection.level: simple
[095月2026 10:23:13.415] [main/DEBUG] [io.netty.util.ResourceLeakDetector/]: -Dio.netty.leakDetection.targetRecords: 4
[095月2026 10:23:13.431] [main/DEBUG] [mixin/]: Mixing ResourceLocationAccess from ferritecore.mrl.mixin.json into net.minecraft.resources.ResourceLocation
[095月2026 10:23:13.460] [main/DEBUG] [mixin/]: Mixing perf.dynamic_dfu.DataFixTypesMixin from modernfix-modernfix.mixins.json into net.minecraft.util.datafix.DataFixTypes
[095月2026 10:23:13.473] [main/DEBUG] [mixin/]: Mixing perf.thread_priorities.UtilMixin from modernfix-modernfix.mixins.json into net.minecraft.Util
[095月2026 10:23:13.473] [main/DEBUG] [mixin/]: Renaming synthetic method lambda$adjustPriorityOfThreadFactory$0(Ljava/util/concurrent/ForkJoinPool$ForkJoinWorkerThreadFactory;Ljava/util/concurrent/ForkJoinPool;)Ljava/util/concurrent/ForkJoinWorkerThread; to mdedb9e6$lambda$adjustPriorityOfThreadFactory$0$0 in modernfix-modernfix.mixins.json:perf.thread_priorities.UtilMixin
[095月2026 10:23:13.522] [main/DEBUG] [oshi.util.FileUtil/]: No oshi.properties file found from ClassLoader cpw.mods.modlauncher.TransformingClassLoader@27abb6ca
[095月2026 10:23:13.704] [main/DEBUG] [oshi.util.FileUtil/]: No oshi.architecture.properties file found from ClassLoader cpw.mods.modlauncher.TransformingClassLoader@27abb6ca
[095月2026 10:23:14.233] [main/DEBUG] [mixin/]: Mixing core.BootstrapMixin from modernfix-modernfix.mixins.json into net.minecraft.server.Bootstrap
[095月2026 10:23:14.236] [main/DEBUG] [mixin/]: Mixing feature.measure_time.BootstrapMixin from modernfix-modernfix.mixins.json into net.minecraft.server.Bootstrap
[095月2026 10:23:14.239] [main/DEBUG] [mixin/]: Mixing core.BootstrapClientMixin from modernfix-modernfix.mixins.json into net.minecraft.server.Bootstrap
[095月2026 10:23:14.252] [pool-4-thread-1/INFO] [net.minecraft.server.Bootstrap/]: ModernFix reached bootstrap stage (8.096 s after launch)
[095月2026 10:23:14.270] [pool-4-thread-1/DEBUG] [mixin/]: Mixing bugfix.concurrency.MappedRegistryMixin from modernfix-modernfix.mixins.json into net.minecraft.core.MappedRegistry
[095月2026 10:23:14.272] [pool-4-thread-1/DEBUG] [mixin/]: Mixing perf.compact_mojang_registries.MappedRegistryMixin from modernfix-modernfix.mixins.json into net.minecraft.core.MappedRegistry
[095月2026 10:23:14.277] [pool-4-thread-1/DEBUG] [mixin/]: Mixing perf.mojang_registry_size.MappedRegistryMixin from modernfix-modernfix.mixins.json into net.minecraft.core.MappedRegistry
[095月2026 10:23:14.323] [pool-4-thread-1/DEBUG] [mixin/]: Mixing devenv.GameDataMixin from modernfix-modernfix.mixins.json into net.minecraftforge.registries.GameData
[095月2026 10:23:14.323] [pool-4-thread-1/DEBUG] [mixin/]: Mixing core.GameDataMixin from modernfix-modernfix.mixins.json into net.minecraftforge.registries.GameData
[095月2026 10:23:14.323] [pool-4-thread-1/DEBUG] [mixin/]: Mixing perf.object_holder_cleanup.GameDataMixin from modernfix-modernfix.mixins.json into net.minecraftforge.registries.GameData
[095月2026 10:23:14.342] [pool-4-thread-1/DEBUG] [mixin/]: Mixing perf.fast_registry_validation.ForgeRegistryMixin from modernfix-modernfix.mixins.json into net.minecraftforge.registries.ForgeRegistry
[095月2026 10:23:14.343] [pool-4-thread-1/DEBUG] [mixin/]: Mixing perf.forge_registry_alloc.ForgeRegistryMixin from modernfix-modernfix.mixins.json into net.minecraftforge.registries.ForgeRegistry
[095月2026 10:23:14.350] [pool-4-thread-1/WARN] [mixin/]: @Final field delegatesByName:Ljava/util/Map; in modernfix-modernfix.mixins.json:perf.forge_registry_alloc.ForgeRegistryMixin should be final
[095月2026 10:23:14.350] [pool-4-thread-1/WARN] [mixin/]: @Final field delegatesByValue:Ljava/util/Map; in modernfix-modernfix.mixins.json:perf.forge_registry_alloc.ForgeRegistryMixin should be final
[095月2026 10:23:14.375] [pool-4-thread-1/DEBUG] [mixin/]: Mixing perf.reduce_blockstate_cache_rebuilds.BlockCallbacksMixin from modernfix-modernfix.mixins.json into net.minecraftforge.registries.GameData$BlockCallbacks
[095月2026 10:23:14.384] [pool-4-thread-1/DEBUG] [mixin/]: Mixing perf.forge_registry_alloc.DelegateHolderMixin from modernfix-modernfix.mixins.json into net.minecraft.world.level.block.Block
[095月2026 10:23:14.395] [pool-4-thread-1/DEBUG] [mixin/]: Mixing BlockStateBaseMixin from ferritecore.blockstatecache.mixin.json into net.minecraft.world.level.block.state.BlockBehaviour$BlockStateBase
[095月2026 10:23:14.396] [pool-4-thread-1/DEBUG] [mixin/]: Mixing perf.reduce_blockstate_cache_rebuilds.BlockStateBaseMixin from modernfix-modernfix.mixins.json into net.minecraft.world.level.block.state.BlockBehaviour$BlockStateBase
[095月2026 10:23:14.424] [pool-4-thread-1/DEBUG] [mixin/]: Mixing FastMapStateHolderMixin from ferritecore.fastmap.mixin.json into net.minecraft.world.level.block.state.StateHolder
[095月2026 10:23:14.437] [pool-4-thread-1/DEBUG] [mixin/]: Mixing perf.model_optimizations.PropertyMixin from modernfix-modernfix.mixins.json into net.minecraft.world.level.block.state.properties.Property
[095月2026 10:23:14.458] [pool-4-thread-1/DEBUG] [mixin/]: Mixing accessor.EntityAccessor from ldlib-common.mixins.json into net.minecraft.world.entity.Entity
[095月2026 10:23:14.463] [pool-4-thread-1/DEBUG] [mixin/]: Mixing common.MixinEntity from mixins.epicfight.json into net.minecraft.world.entity.Entity
[095月2026 10:23:14.463] [pool-4-thread-1/DEBUG] [mixin/]: Renaming synthetic method lambda$epicfight$setOnGroundWithKnownMovement$1(Lyesman/epicfight/world/capabilities/entitypatch/LivingEntityPatch;)V to mdedb9e6$lambda$epicfight$setOnGroundWithKnownMovement$1$0 in mixins.epicfight.json:common.MixinEntity
[095月2026 10:23:14.463] [pool-4-thread-1/DEBUG] [mixin/]: Renaming synthetic method lambda$lerpMotion$0(Lorg/spongepowered/asm/mixin/injection/callback/CallbackInfo;Lyesman/epicfight/world/capabilities/entitypatch/LivingEntityPatch;)V to mdedb9e6$lambda$lerpMotion$0$1 in mixins.epicfight.json:common.MixinEntity
[095月2026 10:23:14.473] [pool-4-thread-1/DEBUG] [mixin/]: Mixing bugfix.chunk_deadlock.EntityMixin from modernfix-modernfix.mixins.json into net.minecraft.world.entity.Entity
[095月2026 10:23:14.474] [pool-4-thread-1/DEBUG] [mixin/]: Mixing perf.remove_spawn_chunks.EntityMixin from modernfix-modernfix.mixins.json into net.minecraft.world.entity.Entity
[095月2026 10:23:14.544] [pool-4-thread-1/DEBUG] [mixin/]: Mixing LivingEntityMixin from dummmmmmy-common.mixins.json into net.minecraft.world.entity.LivingEntity
[095月2026 10:23:14.546] [pool-4-thread-1/DEBUG] [mixin/]: Mixing common.MixinLivingEntity from mixins.epicfight.json into net.minecraft.world.entity.LivingEntity
[095月2026 10:23:14.546] [pool-4-thread-1/DEBUG] [mixin/]: Renaming synthetic method lambda$epicfight$constructor$0(Lnet/minecraft/world/entity/LivingEntity;Lyesman/epicfight/world/capabilities/entitypatch/HurtableEntityPatch;)V to mdedb9e6$lambda$epicfight$constructor$0$0 in mixins.epicfight.json:common.MixinLivingEntity
[095月2026 10:23:14.553] [pool-4-thread-1/DEBUG] [mixin/]: Mixing perf.forge_cap_retrieval.LivingEntityMixin from modernfix-modernfix.mixins.json into net.minecraft.world.entity.LivingEntity
[095月2026 10:23:14.561] [pool-4-thread-1/DEBUG] [net.minecraftforge.coremod.transformer.CoreModBaseTransformer/COREMOD]: Transforming net/minecraft/world/entity/EntityType
[095月2026 10:23:14.690] [pool-4-thread-1/DEBUG] [mixin/]: Mixing perf.model_optimizations.BooleanPropertyMixin from modernfix-modernfix.mixins.json into net.minecraft.world.level.block.state.properties.BooleanProperty
[095月2026 10:23:14.715] [pool-4-thread-1/DEBUG] [mixin/]: Mixing ServerLevelMixin from moonlight-common.mixins.json into net.minecraft.server.level.ServerLevel
[095月2026 10:23:14.720] [pool-4-thread-1/DEBUG] [mixin/]: Mixing perf.cache_strongholds.ServerLevelMixin from modernfix-modernfix.mixins.json into net.minecraft.server.level.ServerLevel
[095月2026 10:23:14.720] [pool-4-thread-1/DEBUG] [mixin/]: Mixing perf.faster_structure_location.ServerLevelMixin from modernfix-modernfix.mixins.json into net.minecraft.server.level.ServerLevel
[095月2026 10:23:14.720] [pool-4-thread-1/DEBUG] [mixin/]: Mixing perf.remove_spawn_chunks.ServerLevelMixin from modernfix-modernfix.mixins.json into net.minecraft.server.level.ServerLevel
[095月2026 10:23:14.798] [pool-4-thread-1/DEBUG] [mixin/]: Mixing PlayerMixin from dummmmmmy-common.mixins.json into net.minecraft.world.entity.player.Player
[095月2026 10:23:14.799] [pool-4-thread-1/DEBUG] [mixin/]: Mixing common.MixinPlayer from mixins.epicfight.json into net.minecraft.world.entity.player.Player
[095月2026 10:23:14.836] [pool-4-thread-1/DEBUG] [mixin/]: Mixing bugfix.concurrency.ForgeRegistryTagManagerMixin from modernfix-modernfix.mixins.json into net.minecraftforge.registries.ForgeRegistryTagManager
[095月2026 10:23:14.848] [pool-4-thread-1/DEBUG] [mixin/]: Mixing bugfix.concurrency.NamespacedWrapperMixin from modernfix-modernfix.mixins.json into net.minecraftforge.registries.NamespacedWrapper
[095月2026 10:23:14.848] [pool-4-thread-1/DEBUG] [mixin/]: Mixing perf.fast_forge_dummies.NamespacedHolderHelperMixin from modernfix-modernfix.mixins.json into net.minecraftforge.registries.NamespacedWrapper
[095月2026 10:23:14.860] [pool-4-thread-1/DEBUG] [mixin/]: Mixing ItemMixin from moonlight-common.mixins.json into net.minecraft.world.item.Item
[095月2026 10:23:14.861] [pool-4-thread-1/DEBUG] [mixin/]: Mixing ItemMixin from moonlight.mixins.json into net.minecraft.world.item.Item
[095月2026 10:23:14.861] [pool-4-thread-1/DEBUG] [mixin/]: Mixing perf.forge_registry_alloc.DelegateHolderMixin from modernfix-modernfix.mixins.json into net.minecraft.world.item.Item
[095月2026 10:23:14.874] [pool-4-thread-1/DEBUG] [net.minecraftforge.coremod.transformer.CoreModBaseTransformer/COREMOD]: Transforming net/minecraft/world/entity/EntityType
[095月2026 10:23:14.976] [pool-4-thread-1/DEBUG] [mixin/]: Mixing perf.dynamic_dfu.BlockEntityTypeMixin from modernfix-modernfix.mixins.json into net.minecraft.world.level.block.entity.BlockEntityType
[095月2026 10:23:15.006] [pool-4-thread-1/DEBUG] [mixin/]: Mixing PoiMixin from moonlight-common.mixins.json into net.minecraft.world.entity.ai.village.poi.PoiType
[095月2026 10:23:15.048] [pool-4-thread-1/DEBUG] [mixin/]: Mixing perf.memoize_creative_tab_build.CreativeModeTabMixin from modernfix-modernfix.mixins.json into net.minecraft.world.item.CreativeModeTab
[095月2026 10:23:15.056] [pool-4-thread-1/DEBUG] [mixin/]: Mixing FireBlockMixin from moonlight.mixins.json into net.minecraft.world.level.block.FireBlock
[095月2026 10:23:15.092] [pool-4-thread-1/DEBUG] [mixin/]: Mixing DiscreteVSAccess from ferritecore.blockstatecache.mixin.json into net.minecraft.world.phys.shapes.DiscreteVoxelShape
[095月2026 10:23:15.098] [pool-4-thread-1/DEBUG] [mixin/]: Mixing BitSetDVSAccess from ferritecore.blockstatecache.mixin.json into net.minecraft.world.phys.shapes.BitSetDiscreteVoxelShape
[095月2026 10:23:15.115] [pool-4-thread-1/DEBUG] [mixin/]: Mixing VoxelShapeAccess from ferritecore.blockstatecache.mixin.json into net.minecraft.world.phys.shapes.VoxelShape
[095月2026 10:23:15.126] [pool-4-thread-1/DEBUG] [mixin/]: Mixing ArrayVSAccess from ferritecore.blockstatecache.mixin.json into net.minecraft.world.phys.shapes.ArrayVoxelShape
[095月2026 10:23:15.135] [pool-4-thread-1/DEBUG] [mixin/]: Mixing SliceShapeAccess from ferritecore.blockstatecache.mixin.json into net.minecraft.world.phys.shapes.SliceShape
[095月2026 10:23:15.208] [pool-4-thread-1/DEBUG] [mixin/]: Mixing perf.reduce_blockstate_cache_rebuilds.BlocksMixin from modernfix-modernfix.mixins.json into net.minecraft.world.level.block.Blocks
[095月2026 10:23:15.208] [pool-4-thread-1/DEBUG] [mixin/]: Renaming synthetic method lambda$getEmptyConsumer$0(Ljava/lang/Object;)V to mdedb9e6$lambda$getEmptyConsumer$0$0 in modernfix-modernfix.mixins.json:perf.reduce_blockstate_cache_rebuilds.BlocksMixin
[095月2026 10:23:15.238] [pool-4-thread-1/DEBUG] [net.minecraftforge.coremod.transformer.CoreModBaseTransformer/COREMOD]: Transforming net/minecraft/world/level/block/LiquidBlock
[095月2026 10:23:15.250] [pool-4-thread-1/DEBUG] [mixin/]: Mixing accessor.DispenserBlockAccessor from moonlight-common.mixins.json into net.minecraft.world.level.block.DispenserBlock
[095月2026 10:23:15.251] [pool-4-thread-1/DEBUG] [mixin/]: Renaming @Accessor method getDispenserRegistry()Ljava/util/Map; to getDispenserRegistry_$md$edb9e6$0 in moonlight-common.mixins.json:accessor.DispenserBlockAccessor
[095月2026 10:23:15.270] [pool-4-thread-1/DEBUG] [net.minecraftforge.coremod.transformer.CoreModBaseTransformer/COREMOD]: Transforming net/minecraft/world/level/block/StairBlock
[095月2026 10:23:15.331] [pool-4-thread-1/DEBUG] [mixin/]: Mixing perf.deduplicate_wall_shapes.WallBlockMixin from modernfix-modernfix.mixins.json into net.minecraft.world.level.block.WallBlock
[095月2026 10:23:15.340] [pool-4-thread-1/DEBUG] [net.minecraftforge.coremod.transformer.CoreModBaseTransformer/COREMOD]: Transforming net/minecraft/world/level/block/FlowerPotBlock
[095月2026 10:23:15.407] [pool-4-thread-1/DEBUG] [mixin/]: Mixing perf.state_definition_construct.StateDefinitionMixin from modernfix-modernfix.mixins.json into net.minecraft.world.level.block.state.StateDefinition
[095月2026 10:23:15.471] [pool-4-thread-1/DEBUG] [io.netty.util.internal.PlatformDependent0/]: -Dio.netty.noUnsafe: false
[095月2026 10:23:15.472] [pool-4-thread-1/DEBUG] [io.netty.util.internal.PlatformDependent0/]: Java version: 17
[095月2026 10:23:15.472] [pool-4-thread-1/DEBUG] [io.netty.util.internal.PlatformDependent0/]: sun.misc.Unsafe.theUnsafe: available
[095月2026 10:23:15.472] [pool-4-thread-1/DEBUG] [io.netty.util.internal.PlatformDependent0/]: sun.misc.Unsafe.copyMemory: available
[095月2026 10:23:15.473] [pool-4-thread-1/DEBUG] [io.netty.util.internal.PlatformDependent0/]: sun.misc.Unsafe.storeFence: available
[095月2026 10:23:15.473] [pool-4-thread-1/DEBUG] [io.netty.util.internal.PlatformDependent0/]: java.nio.Buffer.address: available
[095月2026 10:23:15.473] [pool-4-thread-1/DEBUG] [io.netty.util.internal.PlatformDependent0/]: direct buffer constructor: unavailable
java.lang.UnsupportedOperationException: Reflective setAccessible(true) disabled
	at io.netty.util.internal.ReflectionUtil.trySetAccessible(ReflectionUtil.java:31) ~[netty-common-4.1.82.Final.jar%23151!/:4.1.82.Final]
	at io.netty.util.internal.PlatformDependent0$5.run(PlatformDependent0.java:288) ~[netty-common-4.1.82.Final.jar%23151!/:4.1.82.Final]
	at java.security.AccessController.doPrivileged(AccessController.java:318) ~[?:?]
	at io.netty.util.internal.PlatformDependent0.<clinit>(PlatformDependent0.java:282) ~[netty-common-4.1.82.Final.jar%23151!/:4.1.82.Final]
	at io.netty.util.internal.PlatformDependent.isAndroid(PlatformDependent.java:333) ~[netty-common-4.1.82.Final.jar%23151!/:4.1.82.Final]
	at io.netty.util.internal.PlatformDependent.<clinit>(PlatformDependent.java:88) ~[netty-common-4.1.82.Final.jar%23151!/:4.1.82.Final]
	at io.netty.util.ConstantPool.<init>(ConstantPool.java:34) ~[netty-common-4.1.82.Final.jar%23151!/:4.1.82.Final]
	at io.netty.util.AttributeKey$1.<init>(AttributeKey.java:27) ~[netty-common-4.1.82.Final.jar%23151!/:4.1.82.Final]
	at io.netty.util.AttributeKey.<clinit>(AttributeKey.java:27) ~[netty-common-4.1.82.Final.jar%23151!/:4.1.82.Final]
	at net.minecraftforge.network.NetworkConstants.<clinit>(NetworkConstants.java:34) ~[forge-1.20.1-47.4.0_mapped_parchment_2023.09.03-1.20.1-recomp.jar%23190%23197!/:?]
	at net.minecraft.server.Bootstrap.handler$zhl000$doClassloadHack(Bootstrap.java:536) ~[forge-1.20.1-47.4.0_mapped_parchment_2023.09.03-1.20.1-recomp.jar%23191!/:?]
	at net.minecraft.server.Bootstrap.bootStrap(Bootstrap.java:73) ~[forge-1.20.1-47.4.0_mapped_parchment_2023.09.03-1.20.1-recomp.jar%23191!/:?]
	at net.minecraftforge.registries.ForgeRegistries.init(ForgeRegistries.java:212) ~[forge-1.20.1-47.4.0_mapped_parchment_2023.09.03-1.20.1-recomp.jar%23190%23197!/:?]
	at net.minecraftforge.registries.ForgeRegistries.<clinit>(ForgeRegistries.java:65) ~[forge-1.20.1-47.4.0_mapped_parchment_2023.09.03-1.20.1-recomp.jar%23190%23197!/:?]
	at net.minecraft.world.level.block.LiquidBlock.<init>(LiquidBlock.java:53) ~[forge-1.20.1-47.4.0_mapped_parchment_2023.09.03-1.20.1-recomp.jar%23191!/:?]
	at net.minecraft.world.level.block.Blocks.<clinit>(Blocks.java:77) ~[forge-1.20.1-47.4.0_mapped_parchment_2023.09.03-1.20.1-recomp.jar%23191!/:?]
	at net.minecraft.world.level.block.FireBlock.bootStrap(FireBlock.java:310) ~[forge-1.20.1-47.4.0_mapped_parchment_2023.09.03-1.20.1-recomp.jar%23191!/:?]
	at net.minecraft.server.Bootstrap.bootStrap(Bootstrap.java:50) ~[forge-1.20.1-47.4.0_mapped_parchment_2023.09.03-1.20.1-recomp.jar%23191!/:?]
	at net.minecraft.client.main.Main.lambda$main$0(Main.java:151) ~[forge-1.20.1-47.4.0_mapped_parchment_2023.09.03-1.20.1-recomp.jar%23191!/:?]
	at java.util.concurrent.Executors$RunnableAdapter.call(Executors.java:539) ~[?:?]
	at java.util.concurrent.FutureTask.run(FutureTask.java:264) ~[?:?]
	at java.util.concurrent.ThreadPoolExecutor.runWorker(ThreadPoolExecutor.java:1136) ~[?:?]
	at java.util.concurrent.ThreadPoolExecutor$Worker.run(ThreadPoolExecutor.java:635) ~[?:?]
	at java.lang.Thread.run(Thread.java:840) ~[?:?]
[095月2026 10:23:15.474] [pool-4-thread-1/DEBUG] [io.netty.util.internal.PlatformDependent0/]: java.nio.Bits.unaligned: available, true
[095月2026 10:23:15.474] [pool-4-thread-1/DEBUG] [io.netty.util.internal.PlatformDependent0/]: jdk.internal.misc.Unsafe.allocateUninitializedArray(int): unavailable
java.lang.IllegalAccessException: class io.netty.util.internal.PlatformDependent0$7 (in module io.netty.common) cannot access class jdk.internal.misc.Unsafe (in module java.base) because module java.base does not export jdk.internal.misc to module io.netty.common
	at jdk.internal.reflect.Reflection.newIllegalAccessException(Reflection.java:392) ~[?:?]
	at java.lang.reflect.AccessibleObject.checkAccess(AccessibleObject.java:674) ~[?:?]
	at java.lang.reflect.Method.invoke(Method.java:561) ~[?:?]
	at io.netty.util.internal.PlatformDependent0$7.run(PlatformDependent0.java:410) ~[netty-common-4.1.82.Final.jar%23151!/:4.1.82.Final]
	at java.security.AccessController.doPrivileged(AccessController.java:318) ~[?:?]
	at io.netty.util.internal.PlatformDependent0.<clinit>(PlatformDependent0.java:401) ~[netty-common-4.1.82.Final.jar%23151!/:4.1.82.Final]
	at io.netty.util.internal.PlatformDependent.isAndroid(PlatformDependent.java:333) ~[netty-common-4.1.82.Final.jar%23151!/:4.1.82.Final]
	at io.netty.util.internal.PlatformDependent.<clinit>(PlatformDependent.java:88) ~[netty-common-4.1.82.Final.jar%23151!/:4.1.82.Final]
	at io.netty.util.ConstantPool.<init>(ConstantPool.java:34) ~[netty-common-4.1.82.Final.jar%23151!/:4.1.82.Final]
	at io.netty.util.AttributeKey$1.<init>(AttributeKey.java:27) ~[netty-common-4.1.82.Final.jar%23151!/:4.1.82.Final]
	at io.netty.util.AttributeKey.<clinit>(AttributeKey.java:27) ~[netty-common-4.1.82.Final.jar%23151!/:4.1.82.Final]
	at net.minecraftforge.network.NetworkConstants.<clinit>(NetworkConstants.java:34) ~[forge-1.20.1-47.4.0_mapped_parchment_2023.09.03-1.20.1-recomp.jar%23190%23197!/:?]
	at net.minecraft.server.Bootstrap.handler$zhl000$doClassloadHack(Bootstrap.java:536) ~[forge-1.20.1-47.4.0_mapped_parchment_2023.09.03-1.20.1-recomp.jar%23191!/:?]
	at net.minecraft.server.Bootstrap.bootStrap(Bootstrap.java:73) ~[forge-1.20.1-47.4.0_mapped_parchment_2023.09.03-1.20.1-recomp.jar%23191!/:?]
	at net.minecraftforge.registries.ForgeRegistries.init(ForgeRegistries.java:212) ~[forge-1.20.1-47.4.0_mapped_parchment_2023.09.03-1.20.1-recomp.jar%23190%23197!/:?]
	at net.minecraftforge.registries.ForgeRegistries.<clinit>(ForgeRegistries.java:65) ~[forge-1.20.1-47.4.0_mapped_parchment_2023.09.03-1.20.1-recomp.jar%23190%23197!/:?]
	at net.minecraft.world.level.block.LiquidBlock.<init>(LiquidBlock.java:53) ~[forge-1.20.1-47.4.0_mapped_parchment_2023.09.03-1.20.1-recomp.jar%23191!/:?]
	at net.minecraft.world.level.block.Blocks.<clinit>(Blocks.java:77) ~[forge-1.20.1-47.4.0_mapped_parchment_2023.09.03-1.20.1-recomp.jar%23191!/:?]
	at net.minecraft.world.level.block.FireBlock.bootStrap(FireBlock.java:310) ~[forge-1.20.1-47.4.0_mapped_parchment_2023.09.03-1.20.1-recomp.jar%23191!/:?]
	at net.minecraft.server.Bootstrap.bootStrap(Bootstrap.java:50) ~[forge-1.20.1-47.4.0_mapped_parchment_2023.09.03-1.20.1-recomp.jar%23191!/:?]
	at net.minecraft.client.main.Main.lambda$main$0(Main.java:151) ~[forge-1.20.1-47.4.0_mapped_parchment_2023.09.03-1.20.1-recomp.jar%23191!/:?]
	at java.util.concurrent.Executors$RunnableAdapter.call(Executors.java:539) ~[?:?]
	at java.util.concurrent.FutureTask.run(FutureTask.java:264) ~[?:?]
	at java.util.concurrent.ThreadPoolExecutor.runWorker(ThreadPoolExecutor.java:1136) ~[?:?]
	at java.util.concurrent.ThreadPoolExecutor$Worker.run(ThreadPoolExecutor.java:635) ~[?:?]
	at java.lang.Thread.run(Thread.java:840) ~[?:?]
[095月2026 10:23:15.475] [pool-4-thread-1/DEBUG] [io.netty.util.internal.PlatformDependent0/]: java.nio.DirectByteBuffer.<init>(long, int): unavailable
[095月2026 10:23:15.475] [pool-4-thread-1/DEBUG] [io.netty.util.internal.PlatformDependent/]: sun.misc.Unsafe: available
[095月2026 10:23:15.476] [pool-4-thread-1/DEBUG] [io.netty.util.internal.PlatformDependent/]: maxDirectMemory: 8522825728 bytes (maybe)
[095月2026 10:23:15.476] [pool-4-thread-1/DEBUG] [io.netty.util.internal.PlatformDependent/]: -Dio.netty.tmpdir: C:\Users\19810\AppData\Local\Temp (java.io.tmpdir)
[095月2026 10:23:15.476] [pool-4-thread-1/DEBUG] [io.netty.util.internal.PlatformDependent/]: -Dio.netty.bitMode: 64 (sun.arch.data.model)
[095月2026 10:23:15.476] [pool-4-thread-1/DEBUG] [io.netty.util.internal.PlatformDependent/]: Platform: Windows
[095月2026 10:23:15.476] [pool-4-thread-1/DEBUG] [io.netty.util.internal.PlatformDependent/]: -Dio.netty.maxDirectMemory: -1 bytes
[095月2026 10:23:15.476] [pool-4-thread-1/DEBUG] [io.netty.util.internal.PlatformDependent/]: -Dio.netty.uninitializedArrayAllocationThreshold: -1
[095月2026 10:23:15.477] [pool-4-thread-1/DEBUG] [io.netty.util.internal.CleanerJava9/]: java.nio.ByteBuffer.cleaner(): available
[095月2026 10:23:15.477] [pool-4-thread-1/DEBUG] [io.netty.util.internal.PlatformDependent/]: -Dio.netty.noPreferDirect: false
[095月2026 10:23:15.505] [pool-4-thread-1/DEBUG] [mixin/]: Mixing perf.fix_handshake_stall.HandshakeHandlerMixin from modernfix-modernfix.mixins.json into net.minecraftforge.network.HandshakeHandler
[095月2026 10:23:15.529] [pool-4-thread-1/INFO] [net.minecraft.server.Bootstrap/]: Vanilla bootstrap took 1264 milliseconds
[095月2026 10:23:15.548] [pool-4-thread-1/DEBUG] [mixin/]: Mixing BlockEntityMixin from ldlib-common.mixins.json into net.minecraft.world.level.block.entity.BlockEntity
[095月2026 10:23:15.590] [pool-4-thread-1/DEBUG] [mixin/]: Mixing accessor.DispenserBlockEntityAccessor from moonlight-common.mixins.json into net.minecraft.world.level.block.entity.DispenserBlockEntity
[095月2026 10:23:15.642] [pool-4-thread-1/DEBUG] [mixin/]: Mixing PistonBlockEntityMixin from moonlight-common.mixins.json into net.minecraft.world.level.block.piston.PistonMovingBlockEntity
[095月2026 10:23:15.730] [pool-4-thread-1/DEBUG] [mixin/]: Mixing accessor.AbstractContainerMenuAccessor from ldlib-common.mixins.json into net.minecraft.world.inventory.AbstractContainerMenu
[095月2026 10:23:15.768] [pool-4-thread-1/DEBUG] [mixin/]: Mixing common.MixinProjectile from mixins.epicfight.json into net.minecraft.world.entity.projectile.Projectile
[095月2026 10:23:15.788] [pool-4-thread-1/DEBUG] [mixin/]: Mixing EntityMixin from moonlight-common.mixins.json into net.minecraft.world.entity.Mob
[095月2026 10:23:15.789] [pool-4-thread-1/DEBUG] [mixin/]: Mixing common.MixinMob from mixins.epicfight.json into net.minecraft.world.entity.Mob
[095月2026 10:23:15.862] [pool-4-thread-1/DEBUG] [net.minecraftforge.coremod.transformer.CoreModBaseTransformer/COREMOD]: Transforming net/minecraft/world/item/ItemStack
[095月2026 10:23:15.899] [pool-4-thread-1/DEBUG] [mixin/]: Mixing common.MixinWitherBoss from mixins.epicfight.json into net.minecraft.world.entity.boss.wither.WitherBoss
[095月2026 10:23:15.903] [pool-4-thread-1/DEBUG] [mixin/]: Renaming @Unique method getAmbientSound()Lnet/minecraft/sounds/SoundEvent; to mdedb9e6$getAmbientSound$0 in mixins.epicfight.json:common.MixinWitherBoss
[095月2026 10:23:15.924] [pool-4-thread-1/WARN] [mixin/]: @Final field nextHeadUpdate:[I in mixins.epicfight.json:common.MixinWitherBoss should be final
[095月2026 10:23:15.924] [pool-4-thread-1/WARN] [mixin/]: @Final field idleHeadUpdates:[I in mixins.epicfight.json:common.MixinWitherBoss should be final
[095月2026 10:23:16.040] [pool-4-thread-1/DEBUG] [mixin/]: Mixing GrindstoneMenuMixin from moonlight-common.mixins.json into net.minecraft.world.inventory.GrindstoneMenu
[095月2026 10:23:16.202] [pool-4-thread-1/DEBUG] [mixin/]: Mixing LightningEntityMixin from moonlight-common.mixins.json into net.minecraft.world.entity.LightningBolt
[095月2026 10:23:16.239] [pool-4-thread-1/DEBUG] [net.minecraftforge.coremod.transformer.CoreModBaseTransformer/COREMOD]: Transforming net/minecraft/world/entity/animal/frog/Tadpole
[095月2026 10:23:16.254] [pool-4-thread-1/DEBUG] [mixin/]: Mixing BlockItemMixin from moonlight-common.mixins.json into net.minecraft.world.item.BlockItem
[095月2026 10:23:16.299] [pool-4-thread-1/DEBUG] [mixin/]: Mixing SwordItemMixin from dummmmmmy-common.mixins.json into net.minecraft.world.item.SwordItem
[095月2026 10:23:16.313] [pool-4-thread-1/DEBUG] [mixin/]: Mixing ToolItemMixin from dummmmmmy-common.mixins.json into net.minecraft.world.item.DiggerItem
[095月2026 10:23:16.329] [pool-4-thread-1/DEBUG] [net.minecraftforge.coremod.transformer.CoreModBaseTransformer/COREMOD]: Transforming net/minecraft/world/item/BucketItem
[095月2026 10:23:16.341] [pool-4-thread-1/DEBUG] [mixin/]: Mixing MapItemMixin from moonlight-common.mixins.json into net.minecraft.world.item.MapItem
[095月2026 10:23:16.342] [pool-4-thread-1/DEBUG] [mixin/]: Renaming synthetic method lambda$update$1(Lnet/minecraft/world/level/saveddata/maps/MapItemSavedData;Lnet/minecraft/world/entity/Entity;Ljava/util/concurrent/atomic/AtomicBoolean;Lnet/minecraft/resources/ResourceLocation;Lnet/mehvahdjukaar/moonlight/api/map/CustomMapData;)V to mdedb9e6$lambda$update$1$0 in moonlight-common.mixins.json:MapItemMixin
[095月2026 10:23:16.342] [pool-4-thread-1/DEBUG] [mixin/]: Renaming synthetic method lambda$appendHoverText$0(Lnet/minecraft/world/level/saveddata/maps/MapItemSavedData;Lnet/minecraft/world/item/ItemStack;Ljava/util/List;Lnet/minecraft/resources/ResourceLocation;Lnet/mehvahdjukaar/moonlight/api/map/CustomMapData;)V to mdedb9e6$lambda$appendHoverText$0$1 in moonlight-common.mixins.json:MapItemMixin
[095月2026 10:23:16.366] [pool-4-thread-1/DEBUG] [mixin/]: Mixing ShearItemMixin from moonlight-common.mixins.json into net.minecraft.world.item.ShearsItem
[095月2026 10:23:16.392] [pool-4-thread-1/DEBUG] [mixin/]: Mixing ArmorStandFIxMixin from dummmmmmy-common.mixins.json into net.minecraft.world.item.ArmorStandItem
[095月2026 10:23:16.485] [pool-4-thread-1/DEBUG] [mixin/]: Mixing perf.attribute_supplier_dedup.AttributeSupplierMixin from modernfix-modernfix.mixins.json into net.minecraft.world.entity.ai.attributes.AttributeSupplier
[095月2026 10:23:16.501] [pool-4-thread-1/DEBUG] [mixin/]: Mixing perf.dynamic_dfu.EntityTypeBuilderMixin from modernfix-modernfix.mixins.json into net.minecraft.world.entity.EntityType$Builder
[095月2026 10:23:16.530] [pool-4-thread-1/DEBUG] [mixin/]: Mixing perf.ticking_chunk_alloc.BatMixin from modernfix-modernfix.mixins.json into net.minecraft.world.entity.ambient.Bat
[095月2026 10:23:16.543] [pool-4-thread-1/DEBUG] [mixin/]: Mixing BeeGoalMixin from moonlight-common.mixins.json into net.minecraft.world.entity.animal.Bee$BeeGrowCropGoal
[095月2026 10:23:16.585] [pool-4-thread-1/DEBUG] [net.minecraftforge.coremod.transformer.CoreModBaseTransformer/COREMOD]: Transforming net/minecraft/world/entity/monster/Spider
[095月2026 10:23:16.619] [pool-4-thread-1/DEBUG] [net.minecraftforge.coremod.transformer.CoreModBaseTransformer/COREMOD]: Transforming net/minecraft/world/entity/monster/Zombie
[095月2026 10:23:16.631] [pool-4-thread-1/DEBUG] [net.minecraftforge.coremod.transformer.CoreModBaseTransformer/COREMOD]: Transforming net/minecraft/world/entity/monster/ZombieVillager
[095月2026 10:23:16.641] [pool-4-thread-1/DEBUG] [mixin/]: Mixing common.MixinRangedAttackGoal from mixins.epicfight.json into net.minecraft.world.entity.ai.goal.RangedAttackGoal
[095月2026 10:23:16.641] [pool-4-thread-1/DEBUG] [mixin/]: Renaming synthetic method lambda$epicfight$tick$0(Lyesman/epicfight/world/capabilities/entitypatch/LivingEntityPatch;)V to mdedb9e6$lambda$epicfight$tick$0$0 in mixins.epicfight.json:common.MixinRangedAttackGoal
[095月2026 10:23:16.650] [pool-4-thread-1/DEBUG] [mixin/]: Mixing common.MixinThrownTrident from mixins.epicfight.json into net.minecraft.world.entity.projectile.ThrownTrident
[095月2026 10:23:16.695] [pool-4-thread-1/DEBUG] [net.minecraftforge.coremod.transformer.CoreModBaseTransformer/COREMOD]: Transforming net/minecraft/world/entity/monster/Evoker$EvokerSummonSpellGoal
[095月2026 10:23:16.703] [pool-4-thread-1/DEBUG] [mixin/]: Mixing FixBlockPlaceContextMixin from moonlight-common.mixins.json into net.minecraft.world.item.context.BlockPlaceContext
[095月2026 10:23:16.743] [pool-4-thread-1/DEBUG] [mixin/]: Mixing common.MixinRangedBowAttackGoal from mixins.epicfight.json into net.minecraft.world.entity.ai.goal.RangedBowAttackGoal
[095月2026 10:23:16.744] [pool-4-thread-1/DEBUG] [mixin/]: Renaming synthetic method lambda$epicfight$tick$0(Lyesman/epicfight/world/capabilities/entitypatch/LivingEntityPatch;)V to mdedb9e6$lambda$epicfight$tick$0$0 in mixins.epicfight.json:common.MixinRangedBowAttackGoal
[095月2026 10:23:16.795] [pool-4-thread-1/DEBUG] [mixin/]: Mixing common.MixinRangedCrossbowAttackGoal from mixins.epicfight.json into net.minecraft.world.entity.ai.goal.RangedCrossbowAttackGoal
[095月2026 10:23:16.795] [pool-4-thread-1/DEBUG] [mixin/]: Renaming synthetic method lambda$epicfight$tick$0(Lyesman/epicfight/world/capabilities/entitypatch/LivingEntityPatch;)V to mdedb9e6$lambda$epicfight$tick$0$0 in mixins.epicfight.json:common.MixinRangedCrossbowAttackGoal
[095月2026 10:23:16.813] [pool-4-thread-1/DEBUG] [mixin/]: Mixing ThrownPotionMixin from moonlight-common.mixins.json into net.minecraft.world.entity.projectile.ThrownPotion
[095月2026 10:23:16.849] [pool-4-thread-1/DEBUG] [net.minecraftforge.coremod.transformer.CoreModBaseTransformer/COREMOD]: Transforming net/minecraft/world/entity/animal/horse/SkeletonTrapGoal
[095月2026 10:23:16.862] [pool-4-thread-1/DEBUG] [net.minecraftforge.coremod.transformer.CoreModBaseTransformer/COREMOD]: Transforming net/minecraft/world/entity/monster/Strider
[095月2026 10:23:16.902] [pool-4-thread-1/WARN] [net.minecraft.network.syncher.SynchedEntityData/]: defineId called for: class net.minecraft.world.entity.LivingEntity from class yesman.epicfight.world.capabilities.entitypatch.LivingEntityPatch
[095月2026 10:23:16.902] [pool-4-thread-1/WARN] [net.minecraft.network.syncher.SynchedEntityData/]: defineId called for: class net.minecraft.world.entity.LivingEntity from class yesman.epicfight.world.capabilities.entitypatch.LivingEntityPatch
[095月2026 10:23:16.902] [pool-4-thread-1/WARN] [net.minecraft.network.syncher.SynchedEntityData/]: defineId called for: class net.minecraft.world.entity.LivingEntity from class yesman.epicfight.world.capabilities.entitypatch.LivingEntityPatch
[095月2026 10:23:16.902] [pool-4-thread-1/WARN] [net.minecraft.network.syncher.SynchedEntityData/]: defineId called for: class net.minecraft.world.entity.LivingEntity from class yesman.epicfight.world.capabilities.entitypatch.LivingEntityPatch
[095月2026 10:23:16.907] [pool-4-thread-1/DEBUG] [mixin/]: Mixing ServerPlayerMixin from moonlight-common.mixins.json into net.minecraft.server.level.ServerPlayer
[095月2026 10:23:16.907] [pool-4-thread-1/DEBUG] [mixin/]: Mixing accessor.ServerPlayerAccessor from ldlib-common.mixins.json into net.minecraft.server.level.ServerPlayer
[095月2026 10:23:16.912] [pool-4-thread-1/DEBUG] [mixin/]: Mixing perf.remove_spawn_chunks.ServerPlayerMixin from modernfix-modernfix.mixins.json into net.minecraft.server.level.ServerPlayer
[095月2026 10:23:16.945] [pool-4-thread-1/DEBUG] [mixin/]: Mixing perf.ticking_chunk_alloc.ChunkAccessMixin from modernfix-modernfix.mixins.json into net.minecraft.world.level.chunk.ChunkAccess
[095月2026 10:23:16.946] [pool-4-thread-1/DEBUG] [mixin/]: Mixing perf.compact_imposterprotochunks.ChunkAccessMixin from modernfix-modernfix.mixins.json into net.minecraft.world.level.chunk.ChunkAccess
[095月2026 10:23:16.948] [pool-4-thread-1/DEBUG] [mixin/]: Mixing LevelChunkMixin from moonlight-common.mixins.json into net.minecraft.world.level.chunk.LevelChunk
[095月2026 10:23:16.973] [pool-4-thread-1/DEBUG] [net.minecraftforge.coremod.transformer.CoreModBaseTransformer/COREMOD]: Transforming net/minecraft/world/entity/npc/Villager
[095月2026 10:23:16.988] [pool-4-thread-1/DEBUG] [mixin/]: Mixing VillagerMixin from moonlight-common.mixins.json into net.minecraft.world.entity.npc.Villager
[095月2026 10:23:17.020] [pool-4-thread-1/DEBUG] [mixin/]: Mixing perf.faster_ingredients.IngredientMixin from modernfix-modernfix.mixins.json into net.minecraft.world.item.crafting.Ingredient
[095月2026 10:23:17.021] [pool-4-thread-1/DEBUG] [mixin/]: Renaming synthetic method lambda$computeItemsArray$1(I)[Lnet/minecraft/world/item/ItemStack; to mdedb9e6$lambda$computeItemsArray$1$0 in modernfix-modernfix.mixins.json:perf.faster_ingredients.IngredientMixin
[095月2026 10:23:17.021] [pool-4-thread-1/DEBUG] [mixin/]: Renaming synthetic method lambda$modernfix$fasterTagIngredientStacking$0(Lnet/minecraft/core/Holder;)I to mdedb9e6$lambda$modernfix$fasterTagIngredientStacking$0$1 in modernfix-modernfix.mixins.json:perf.faster_ingredients.IngredientMixin
[095月2026 10:23:17.033] [pool-4-thread-1/DEBUG] [mixin/]: Mixing perf.smart_ingredient_sync.IngredientMixin from modernfix-modernfix.mixins.json into net.minecraft.world.item.crafting.Ingredient
[095月2026 10:23:17.062] [pool-4-thread-1/DEBUG] [net.minecraftforge.coremod.transformer.CoreModBaseTransformer/COREMOD]: Transforming net/minecraft/world/effect/MobEffectInstance
[095月2026 10:23:17.086] [pool-4-thread-1/DEBUG] [mixin/]: Mixing common.MixinServerGamePacketListenerImpl from mixins.epicfight.json into net.minecraft.server.network.ServerGamePacketListenerImpl
[095月2026 10:23:17.087] [pool-4-thread-1/DEBUG] [mixin/]: Mixing bugfix.forge_vehicle_packets.ServerGamePacketListenerImplMixin from modernfix-modernfix.mixins.json into net.minecraft.server.network.ServerGamePacketListenerImpl
[095月2026 10:23:17.167] [pool-4-thread-1/DEBUG] [mixin/]: Mixing perf.dynamic_structure_manager.StructureManagerMixin from modernfix-modernfix.mixins.json into net.minecraft.world.level.levelgen.structure.templatesystem.StructureTemplateManager
[095月2026 10:23:17.168] [pool-4-thread-1/DEBUG] [mixin/]: Mixing perf.cache_upgraded_structures.StructureManagerMixin from modernfix-modernfix.mixins.json into net.minecraft.world.level.levelgen.structure.templatesystem.StructureTemplateManager
[095月2026 10:23:17.197] [pool-4-thread-1/DEBUG] [mixin/]: Mixing InventoryMixin from moonlight-common.mixins.json into net.minecraft.world.entity.player.Inventory
[095月2026 10:23:17.198] [pool-4-thread-1/DEBUG] [mixin/]: Mixing client.MixinInventory from mixins.epicfight.json into net.minecraft.world.entity.player.Inventory
[095月2026 10:23:17.212] [pool-4-thread-1/DEBUG] [mixin/]: Mixing accessor.SlotAccessor from ldlib-common.mixins.json into net.minecraft.world.inventory.Slot
[095月2026 10:23:17.220] [pool-4-thread-1/DEBUG] [mixin/]: Mixing GrindstoneMenuSlotMixin from moonlight-common.mixins.json into net.minecraft.world.inventory.GrindstoneMenu$4
[095月2026 10:23:17.231] [pool-4-thread-1/DEBUG] [mixin/]: Mixing MapExtendingRecipeMixin from moonlight-common.mixins.json into net.minecraft.world.item.crafting.MapExtendingRecipe
[095月2026 10:23:17.428] [pool-4-thread-1/DEBUG] [net.minecraftforge.coremod.transformer.CoreModBaseTransformer/COREMOD]: Transforming net/minecraft/world/level/levelgen/structure/Structure
[095月2026 10:23:17.453] [pool-4-thread-1/DEBUG] [net.minecraftforge.coremod.transformer.CoreModBaseTransformer/COREMOD]: Transforming net/minecraft/world/level/levelgen/structure/structures/OceanRuinPieces$OceanRuinPiece
[095月2026 10:23:17.457] [pool-4-thread-1/DEBUG] [net.minecraftforge.coremod.transformer.CoreModBaseTransformer/COREMOD]: Transforming net/minecraft/world/level/levelgen/structure/structures/SwampHutPiece
[095月2026 10:23:17.463] [pool-4-thread-1/DEBUG] [net.minecraftforge.coremod.transformer.CoreModBaseTransformer/COREMOD]: Transforming net/minecraft/world/level/levelgen/structure/structures/OceanMonumentPieces$OceanMonumentPiece
[095月2026 10:23:17.475] [pool-4-thread-1/DEBUG] [net.minecraftforge.coremod.transformer.CoreModBaseTransformer/COREMOD]: Transforming net/minecraft/world/level/levelgen/structure/structures/WoodlandMansionPieces$WoodlandMansionPiece
[095月2026 10:23:17.538] [pool-4-thread-1/DEBUG] [net.minecraftforge.coremod.transformer.CoreModBaseTransformer/COREMOD]: Transforming net/minecraft/world/level/biome/Biome
[095月2026 10:23:17.538] [pool-4-thread-1/DEBUG] [mixin/]: Mixing perf.remove_biome_temperature_cache.BiomeMixin from modernfix-modernfix.mixins.json into net.minecraft.world.level.biome.Biome
[095月2026 10:23:17.591] [pool-4-thread-1/DEBUG] [mixin/]: Mixing perf.forge_registry_alloc.DebugLevelSourceMixin from modernfix-modernfix.mixins.json into net.minecraft.world.level.levelgen.DebugLevelSource
[095月2026 10:23:17.608] [pool-4-thread-1/DEBUG] [mixin/]: Mixing perf.optimize_surface_rules.SequenceRuleSourceMixin from modernfix-modernfix.mixins.json into net.minecraft.world.level.levelgen.SurfaceRules$SequenceRuleSource
[095月2026 10:23:17.677] [pool-4-thread-1/DEBUG] [net.minecraftforge.registries.GameData/REGISTRIES]: Creating vanilla freeze snapshot
[095月2026 10:23:17.679] [pool-4-thread-1/DEBUG] [net.minecraftforge.registries.ForgeRegistry/REGISTRIES]: Registry minecraft:block Sync: VANILLA -> ACTIVE
[095月2026 10:23:17.685] [pool-4-thread-1/DEBUG] [net.minecraftforge.registries.ForgeRegistry/REGISTRIES]: Registry minecraft:fluid Sync: VANILLA -> ACTIVE
[095月2026 10:23:17.685] [pool-4-thread-1/DEBUG] [net.minecraftforge.registries.ForgeRegistry/REGISTRIES]: Registry minecraft:item Sync: VANILLA -> ACTIVE
[095月2026 10:23:17.689] [pool-4-thread-1/DEBUG] [net.minecraftforge.registries.ForgeRegistry/REGISTRIES]: Registry minecraft:mob_effect Sync: VANILLA -> ACTIVE
[095月2026 10:23:17.689] [pool-4-thread-1/DEBUG] [net.minecraftforge.registries.ForgeRegistry/REGISTRIES]: Registry minecraft:sound_event Sync: VANILLA -> ACTIVE
[095月2026 10:23:17.691] [pool-4-thread-1/DEBUG] [net.minecraftforge.registries.ForgeRegistry/REGISTRIES]: Registry minecraft:potion Sync: VANILLA -> ACTIVE
[095月2026 10:23:17.691] [pool-4-thread-1/DEBUG] [net.minecraftforge.registries.ForgeRegistry/REGISTRIES]: Registry minecraft:enchantment Sync: VANILLA -> ACTIVE
[095月2026 10:23:17.692] [pool-4-thread-1/DEBUG] [net.minecraftforge.registries.ForgeRegistry/REGISTRIES]: Registry minecraft:entity_type Sync: VANILLA -> ACTIVE
[095月2026 10:23:17.693] [pool-4-thread-1/DEBUG] [net.minecraftforge.registries.ForgeRegistry/REGISTRIES]: Registry minecraft:block_entity_type Sync: VANILLA -> ACTIVE
[095月2026 10:23:17.693] [pool-4-thread-1/DEBUG] [net.minecraftforge.registries.ForgeRegistry/REGISTRIES]: Registry minecraft:particle_type Sync: VANILLA -> ACTIVE
[095月2026 10:23:17.693] [pool-4-thread-1/DEBUG] [net.minecraftforge.registries.ForgeRegistry/REGISTRIES]: Registry minecraft:menu Sync: VANILLA -> ACTIVE
[095月2026 10:23:17.693] [pool-4-thread-1/DEBUG] [net.minecraftforge.registries.ForgeRegistry/REGISTRIES]: Registry minecraft:painting_variant Sync: VANILLA -> ACTIVE
[095月2026 10:23:17.693] [pool-4-thread-1/DEBUG] [net.minecraftforge.registries.ForgeRegistry/REGISTRIES]: Registry minecraft:recipe_type Sync: VANILLA -> ACTIVE
[095月2026 10:23:17.693] [pool-4-thread-1/DEBUG] [net.minecraftforge.registries.ForgeRegistry/REGISTRIES]: Registry minecraft:recipe_serializer Sync: VANILLA -> ACTIVE
[095月2026 10:23:17.693] [pool-4-thread-1/DEBUG] [net.minecraftforge.registries.ForgeRegistry/REGISTRIES]: Registry minecraft:attribute Sync: VANILLA -> ACTIVE
[095月2026 10:23:17.693] [pool-4-thread-1/DEBUG] [net.minecraftforge.registries.ForgeRegistry/REGISTRIES]: Registry minecraft:stat_type Sync: VANILLA -> ACTIVE
[095月2026 10:23:17.693] [pool-4-thread-1/DEBUG] [net.minecraftforge.registries.ForgeRegistry/REGISTRIES]: Registry minecraft:command_argument_type Sync: VANILLA -> ACTIVE
[095月2026 10:23:17.693] [pool-4-thread-1/DEBUG] [net.minecraftforge.registries.ForgeRegistry/REGISTRIES]: Registry minecraft:villager_profession Sync: VANILLA -> ACTIVE
[095月2026 10:23:17.693] [pool-4-thread-1/DEBUG] [net.minecraftforge.registries.ForgeRegistry/REGISTRIES]: Registry minecraft:point_of_interest_type Sync: VANILLA -> ACTIVE
[095月2026 10:23:17.693] [pool-4-thread-1/DEBUG] [net.minecraftforge.registries.ForgeRegistry/REGISTRIES]: Registry minecraft:memory_module_type Sync: VANILLA -> ACTIVE
[095月2026 10:23:17.694] [pool-4-thread-1/DEBUG] [net.minecraftforge.registries.ForgeRegistry/REGISTRIES]: Registry minecraft:sensor_type Sync: VANILLA -> ACTIVE
[095月2026 10:23:17.694] [pool-4-thread-1/DEBUG] [net.minecraftforge.registries.ForgeRegistry/REGISTRIES]: Registry minecraft:schedule Sync: VANILLA -> ACTIVE
[095月2026 10:23:17.694] [pool-4-thread-1/DEBUG] [net.minecraftforge.registries.ForgeRegistry/REGISTRIES]: Registry minecraft:activity Sync: VANILLA -> ACTIVE
[095月2026 10:23:17.694] [pool-4-thread-1/DEBUG] [net.minecraftforge.registries.ForgeRegistry/REGISTRIES]: Registry minecraft:worldgen/carver Sync: VANILLA -> ACTIVE
[095月2026 10:23:17.694] [pool-4-thread-1/DEBUG] [net.minecraftforge.registries.ForgeRegistry/REGISTRIES]: Registry minecraft:worldgen/feature Sync: VANILLA -> ACTIVE
[095月2026 10:23:17.694] [pool-4-thread-1/DEBUG] [net.minecraftforge.registries.ForgeRegistry/REGISTRIES]: Registry minecraft:chunk_status Sync: VANILLA -> ACTIVE
[095月2026 10:23:17.695] [pool-4-thread-1/DEBUG] [net.minecraftforge.registries.ForgeRegistry/REGISTRIES]: Registry minecraft:worldgen/block_state_provider_type Sync: VANILLA -> ACTIVE
[095月2026 10:23:17.695] [pool-4-thread-1/DEBUG] [net.minecraftforge.registries.ForgeRegistry/REGISTRIES]: Registry minecraft:worldgen/foliage_placer_type Sync: VANILLA -> ACTIVE
[095月2026 10:23:17.695] [pool-4-thread-1/DEBUG] [net.minecraftforge.registries.ForgeRegistry/REGISTRIES]: Registry minecraft:worldgen/tree_decorator_type Sync: VANILLA -> ACTIVE
[095月2026 10:23:17.695] [pool-4-thread-1/DEBUG] [net.minecraftforge.registries.ForgeRegistry/REGISTRIES]: Registry minecraft:worldgen/biome Sync: VANILLA -> ACTIVE
[095月2026 10:23:17.699] [pool-4-thread-1/DEBUG] [net.minecraftforge.registries.GameData/REGISTRIES]: Vanilla freeze snapshot created
[095月2026 10:23:17.699] [pool-4-thread-1/DEBUG] [mixin/]: Mixing core.NetworkHooksMixin from modernfix-modernfix.mixins.json into net.minecraftforge.network.NetworkHooks
[095月2026 10:23:17.705] [pool-4-thread-1/DEBUG] [net.minecraftforge.network.NetworkHooks/]: Loading Network data for FML net version: FML3
[095月2026 10:23:17.753] [main/DEBUG] [mixin/]: Mixing client.MixinCompositeRenderType from mixins.epicfight.json into net.minecraft.client.renderer.RenderType$CompositeRenderType
[095月2026 10:23:17.761] [main/DEBUG] [mixin/]: Mixing GameRendererMixin from moonlight-common.mixins.json into net.minecraft.client.renderer.GameRenderer
[095月2026 10:23:17.761] [main/DEBUG] [mixin/]: Mixing client.MixinGameRenderer from mixins.epicfight.json into net.minecraft.client.renderer.GameRenderer
[095月2026 10:23:17.780] [main/DEBUG] [mixin/]: Mixing client.MixinLocalPlayer from mixins.epicfight.json into net.minecraft.client.player.LocalPlayer
[095月2026 10:23:17.793] [main/DEBUG] [mixin/]: Mixing client.MixinClientLevel from mixins.epicfight.json into net.minecraft.client.multiplayer.ClientLevel
[095月2026 10:23:17.800] [main/DEBUG] [mixin/]: Mixing accessor.ShaderInstanceAccessor from photon-common.mixins.json into net.minecraft.client.renderer.ShaderInstance
[095月2026 10:23:17.812] [main/DEBUG] [mixin/]: Mixing TextureAtlasMixin from ldlib-common.mixins.json into net.minecraft.client.renderer.texture.TextureAtlas
[095月2026 10:23:17.824] [main/DEBUG] [mixin/]: Mixing accessor.VertexFormatAccessor from ldlib-common.mixins.json into com.mojang.blaze3d.vertex.VertexFormat
[095月2026 10:23:17.831] [main/DEBUG] [mixin/]: Mixing ItemRendererMixin from ldlib-common.mixins.json into net.minecraft.client.renderer.entity.ItemRenderer
[095月2026 10:23:17.839] [main/DEBUG] [mixin/]: Mixing ItemModelShaperMixin from ldlib-common.mixins.json into net.minecraft.client.renderer.ItemModelShaper
[095月2026 10:23:17.839] [main/DEBUG] [mixin/]: Renaming synthetic method lambda$injectGetModel$0(Lcom/lowdragmc/lowdraglib/client/renderer/IRenderer;Lnet/minecraft/world/item/ItemStack;Lcom/lowdragmc/lowdraglib/client/renderer/IRenderer;)Lnet/minecraft/client/resources/model/BakedModel; to mdedb9e6$lambda$injectGetModel$0$0 in ldlib-common.mixins.json:ItemModelShaperMixin
[095月2026 10:23:17.843] [main/DEBUG] [mixin/]: Mixing ModelResourceLocationMixin from ferritecore.mrl.mixin.json into net.minecraft.client.resources.model.ModelResourceLocation
[095月2026 10:23:17.858] [Render thread/DEBUG] [mixin/]: Mixing client.MixinBufferBuilder from mixins.epicfight.json into com.mojang.blaze3d.vertex.BufferBuilder
[095月2026 10:23:17.862] [Render thread/DEBUG] [mixin/]: Mixing bugfix.buffer_builder_leak.BufferBuilderMixin from modernfix-modernfix.mixins.json into com.mojang.blaze3d.vertex.BufferBuilder
[095月2026 10:23:17.934] [Render thread/DEBUG] [mixin/]: Mixing bugfix.entity_pose_stack.PoseStackAccessor from modernfix-modernfix.mixins.json into com.mojang.blaze3d.vertex.PoseStack
[095月2026 10:23:17.939] [Render thread/DEBUG] [mixin/]: Mixing client.MixinGui from mixins.epicfight.json into net.minecraft.client.gui.Gui
[095月2026 10:23:17.939] [Render thread/DEBUG] [mixin/]: Renaming synthetic method lambda$epicfight$renderCrosshair$0(Lorg/apache/commons/lang3/mutable/MutableBoolean;Lyesman/epicfight/client/world/capabilites/entitypatch/player/LocalPlayerPatch;)V to mdedb9e6$lambda$epicfight$renderCrosshair$0$0 in mixins.epicfight.json:client.MixinGui
[095月2026 10:23:17.952] [Render thread/DEBUG] [mixin/]: Mixing client.MixinAbstractContainerEventHandler from mixins.epicfight.json into net.minecraft.client.gui.components.events.AbstractContainerEventHandler
[095月2026 10:23:17.964] [Render thread/DEBUG] [mixin/]: Mixing accessor.AbstractContainerScreenAccessor from ldlib-common.mixins.json into net.minecraft.client.gui.screens.inventory.AbstractContainerScreen
[095月2026 10:23:17.985] [Render thread/DEBUG] [mixin/]: Mixing perf.lazy_search_tree_registry.SearchRegistryMixin from modernfix-modernfix.mixins.json into net.minecraft.client.searchtree.SearchRegistry
[095月2026 10:23:17.991] [Render thread/DEBUG] [mixin/]: Mixing ConditionHackMixin from moonlight.mixins.json into net.minecraft.server.packs.resources.SimplePreparableReloadListener
[095月2026 10:23:18.034] [Render thread/WARN] [net.minecraft.server.packs.VanillaPackResourcesBuilder/]: Assets URL 'union:/C:/Users/19810/.gradle/caches/forge_gradle/minecraft_user_repo/net/minecraftforge/forge/1.20.1-47.4.0_mapped_parchment_2023.09.03-1.20.1/forge-1.20.1-47.4.0_mapped_parchment_2023.09.03-1.20.1-recomp.jar%23191!/assets/.mcassetsroot' uses unexpected schema
[095月2026 10:23:18.034] [Render thread/WARN] [net.minecraft.server.packs.VanillaPackResourcesBuilder/]: Assets URL 'union:/C:/Users/19810/.gradle/caches/forge_gradle/minecraft_user_repo/net/minecraftforge/forge/1.20.1-47.4.0_mapped_parchment_2023.09.03-1.20.1/forge-1.20.1-47.4.0_mapped_parchment_2023.09.03-1.20.1-recomp.jar%23191!/data/.mcassetsroot' uses unexpected schema
[095月2026 10:23:18.054] [Render thread/INFO] [com.mojang.authlib.yggdrasil.YggdrasilAuthenticationService/]: Environment: authHost='https://authserver.mojang.com', accountsHost='https://api.mojang.com', sessionHost='https://sessionserver.mojang.com', servicesHost='https://api.minecraftservices.com', name='PROD'
[095月2026 10:23:18.059] [Render thread/INFO] [net.minecraft.client.Minecraft/]: Setting user: Dev
[095月2026 10:23:18.063] [Render thread/DEBUG] [mixin/]: Mixing perf.dynamic_dfu.DataFixersMixin from modernfix-modernfix.mixins.json into net.minecraft.util.datafix.DataFixers
[095月2026 10:23:18.063] [Render thread/DEBUG] [mixin/]: Renaming synthetic method lambda$createLazyFixerUpper$0(Ljava/util/Set;)Lcom/mojang/datafixers/DataFixer; to mdedb9e6$lambda$createLazyFixerUpper$0$0 in modernfix-modernfix.mixins.json:perf.dynamic_dfu.DataFixersMixin
[095月2026 10:23:18.131] [Render thread/INFO] [ModernFix/]: Bypassed Mojang DFU
[095月2026 10:23:18.137] [Render thread/DEBUG] [mixin/]: Mixing client.MixinOptions from mixins.epicfight.json into net.minecraft.client.Options
[095月2026 10:23:18.240] [Render thread/INFO] [net.minecraft.client.Minecraft/]: Backend library: LWJGL version 3.3.1 build 7
[095月2026 10:23:18.278] [Render thread/DEBUG] [mixin/]: Mixing feature.branding.BrandingControlMixin from modernfix-modernfix.mixins.json into net.minecraftforge.internal.BrandingControl
[095月2026 10:23:18.310] [Render thread/DEBUG] [mixin/]: Mixing accessor.MouseHandlerAccessor from ldlib-common.mixins.json into net.minecraft.client.MouseHandler
[095月2026 10:23:18.313] [Render thread/DEBUG] [mixin/]: Mixing client.MixinMouseHandler from mixins.epicfight.json into net.minecraft.client.MouseHandler
[095月2026 10:23:18.319] [Render thread/DEBUG] [mixin/]: Mixing client.MixinKeyboardHandler from mixins.epicfight.json into net.minecraft.client.KeyboardHandler
[095月2026 10:23:18.445] [Render thread/DEBUG] [mixin/]: Mixing ReloadableClientResourcesMixin from moonlight-common.mixins.json into net.minecraft.server.packs.resources.ReloadableResourceManager
[095月2026 10:23:18.445] [Render thread/DEBUG] [mixin/]: Renaming synthetic method lambda$moonlight$clientDynamicPackEarlyReload$0(Lcom/llamalad7/mixinextras/injector/wrapoperation/Operation;Lnet/minecraft/server/packs/resources/ResourceManager;Ljava/util/List;Ljava/util/concurrent/Executor;Ljava/util/concurrent/Executor;Ljava/util/concurrent/CompletableFuture;Z)Lnet/minecraft/server/packs/resources/ReloadInstance; to mdedb9e6$lambda$moonlight$clientDynamicPackEarlyReload$0$0 in moonlight-common.mixins.json:ReloadableClientResourcesMixin
[095月2026 10:23:18.447] [Render thread/DEBUG] [mixin/]: Mixing ReloadableResourceManagerMixin from ldlib-common.mixins.json into net.minecraft.server.packs.resources.ReloadableResourceManager
[095月2026 10:23:18.450] [Render thread/DEBUG] [mixin/]: Mixing bugfix.concurrency.ReloadableResourceManagerMixin from modernfix-modernfix.mixins.json into net.minecraft.server.packs.resources.ReloadableResourceManager
[095月2026 10:23:18.450] [Render thread/DEBUG] [mixin/]: Renaming synthetic method lambda$checkCallingThread$0(Lnet/minecraft/server/packs/resources/PreparableReloadListener;)V to mdedb9e6$lambda$checkCallingThread$0$1 in modernfix-modernfix.mixins.json:bugfix.concurrency.ReloadableResourceManagerMixin
[095月2026 10:23:18.491] [Render thread/DEBUG] [net.minecraftforge.common.ForgeI18n/CORE]: Loading I18N data entries: 6434
[095月2026 10:23:18.529] [Render thread/DEBUG] [net.minecraftforge.fml.ModWorkManager/LOADING]: Using 32 threads for parallel mod-loading
[095月2026 10:23:18.537] [Render thread/DEBUG] [net.minecraftforge.fml.javafmlmod.FMLJavaModLanguageProvider/LOADING]: Loading FMLModContainer from classloader cpw.mods.modlauncher.TransformingClassLoader@27abb6ca - got cpw.mods.cl.ModuleClassLoader@15bc339
[095月2026 10:23:18.538] [Render thread/DEBUG] [net.minecraftforge.fml.javafmlmod.FMLModContainer/LOADING]: Creating FMLModContainer instance for net.mehvahdjukaar.moonlight.forge.MoonlightForge
[095月2026 10:23:18.540] [Render thread/DEBUG] [net.minecraftforge.fml.javafmlmod.FMLJavaModLanguageProvider/LOADING]: Loading FMLModContainer from classloader cpw.mods.modlauncher.TransformingClassLoader@27abb6ca - got cpw.mods.cl.ModuleClassLoader@15bc339
[095月2026 10:23:18.540] [Render thread/DEBUG] [net.minecraftforge.fml.javafmlmod.FMLModContainer/LOADING]: Creating FMLModContainer instance for com.bawnorton.mixinsquared.platform.forge.MixinSquaredMod
[095月2026 10:23:18.540] [Render thread/DEBUG] [net.minecraftforge.fml.javafmlmod.FMLJavaModLanguageProvider/LOADING]: Loading FMLModContainer from classloader cpw.mods.modlauncher.TransformingClassLoader@27abb6ca - got cpw.mods.cl.ModuleClassLoader@15bc339
[095月2026 10:23:18.540] [Render thread/DEBUG] [net.minecraftforge.fml.javafmlmod.FMLModContainer/LOADING]: Creating FMLModContainer instance for malte0811.ferritecore.ModMainForge
[095月2026 10:23:18.540] [Render thread/DEBUG] [net.minecraftforge.fml.javafmlmod.FMLJavaModLanguageProvider/LOADING]: Loading FMLModContainer from classloader cpw.mods.modlauncher.TransformingClassLoader@27abb6ca - got cpw.mods.cl.ModuleClassLoader@15bc339
[095月2026 10:23:18.540] [Render thread/DEBUG] [net.minecraftforge.fml.javafmlmod.FMLModContainer/LOADING]: Creating FMLModContainer instance for com.lowdragmc.lowdraglib.forge.LDLibForge
[095月2026 10:23:18.540] [Render thread/DEBUG] [net.minecraftforge.fml.javafmlmod.FMLJavaModLanguageProvider/LOADING]: Loading FMLModContainer from classloader cpw.mods.modlauncher.TransformingClassLoader@27abb6ca - got cpw.mods.cl.ModuleClassLoader@15bc339
[095月2026 10:23:18.540] [Render thread/DEBUG] [net.minecraftforge.fml.javafmlmod.FMLModContainer/LOADING]: Creating FMLModContainer instance for com.lowdragmc.photon.forge.PhotonImpl
[095月2026 10:23:18.540] [Render thread/DEBUG] [net.minecraftforge.fml.javafmlmod.FMLJavaModLanguageProvider/LOADING]: Loading FMLModContainer from classloader cpw.mods.modlauncher.TransformingClassLoader@27abb6ca - got cpw.mods.cl.ModuleClassLoader@15bc339
[095月2026 10:23:18.540] [Render thread/DEBUG] [net.minecraftforge.fml.javafmlmod.FMLModContainer/LOADING]: Creating FMLModContainer instance for net.minecraftforge.common.ForgeMod
[095月2026 10:23:18.541] [Render thread/DEBUG] [net.minecraftforge.fml.javafmlmod.FMLJavaModLanguageProvider/LOADING]: Loading FMLModContainer from classloader cpw.mods.modlauncher.TransformingClassLoader@27abb6ca - got cpw.mods.cl.ModuleClassLoader@15bc339
[095月2026 10:23:18.541] [Render thread/DEBUG] [net.minecraftforge.fml.javafmlmod.FMLModContainer/LOADING]: Creating FMLModContainer instance for net.mehvahdjukaar.dummmmmmy.forge.DummmmmmyForge
[095月2026 10:23:18.541] [Render thread/DEBUG] [net.minecraftforge.fml.javafmlmod.FMLJavaModLanguageProvider/LOADING]: Loading FMLModContainer from classloader cpw.mods.modlauncher.TransformingClassLoader@27abb6ca - got cpw.mods.cl.ModuleClassLoader@15bc339
[095月2026 10:23:18.541] [Render thread/DEBUG] [net.minecraftforge.fml.javafmlmod.FMLModContainer/LOADING]: Creating FMLModContainer instance for yesman.epicfight.main.EpicFightMod
[095月2026 10:23:18.544] [Render thread/DEBUG] [net.minecraftforge.fml.javafmlmod.FMLJavaModLanguageProvider/LOADING]: Loading FMLModContainer from classloader cpw.mods.modlauncher.TransformingClassLoader@27abb6ca - got cpw.mods.cl.ModuleClassLoader@15bc339
[095月2026 10:23:18.544] [Render thread/DEBUG] [net.minecraftforge.fml.javafmlmod.FMLModContainer/LOADING]: Creating FMLModContainer instance for org.embeddedt.modernfix.forge.init.ModernFixForge
[095月2026 10:23:18.545] [Render thread/DEBUG] [net.minecraftforge.fml.javafmlmod.FMLJavaModLanguageProvider/LOADING]: Loading FMLModContainer from classloader cpw.mods.modlauncher.TransformingClassLoader@27abb6ca - got cpw.mods.cl.ModuleClassLoader@15bc339
[095月2026 10:23:18.545] [Render thread/DEBUG] [net.minecraftforge.fml.javafmlmod.FMLModContainer/LOADING]: Creating FMLModContainer instance for net.zidou.photon_or_epicfight.core.Photon_or_epicfight
[095月2026 10:23:18.634] [modloading-worker-0/DEBUG] [net.minecraftforge.fml.javafmlmod.AutomaticEventSubscriber/LOADING]: Attempting to inject @EventBusSubscriber classes into the eventbus for ferritecore
[095月2026 10:23:18.634] [modloading-worker-0/DEBUG] [net.minecraftforge.fml.javafmlmod.AutomaticEventSubscriber/LOADING]: Attempting to inject @EventBusSubscriber classes into the eventbus for mixinsquared
[095月2026 10:23:18.640] [modloading-worker-0/DEBUG] [mixin/]: Mixing MixinPatchedRenderer from photon_or_epicfight.mixins.json into yesman.epicfight.api.client.animation.ClientAnimator
[095月2026 10:23:18.644] [modloading-worker-0/DEBUG] [mixin/]: Mixing perf.forge_registry_lambda.RegistryObjectMixin from modernfix-modernfix.mixins.json into net.minecraftforge.registries.RegistryObject
[095月2026 10:23:18.645] [modloading-worker-0/DEBUG] [net.minecraftforge.fml.javafmlmod.AutomaticEventSubscriber/LOADING]: Auto-subscribing malte0811.ferritecore.ModClientForge to MOD
[095月2026 10:23:18.649] [modloading-worker-0/DEBUG] [net.minecraftforge.fml.javafmlmod.AutomaticEventSubscriber/LOADING]: Attempting to inject @EventBusSubscriber classes into the eventbus for photon_or_epicfight
[095月2026 10:23:18.649] [modloading-worker-0/DEBUG] [net.minecraftforge.fml.javafmlmod.AutomaticEventSubscriber/LOADING]: Auto-subscribing net.zidou.photon_or_epicfight.command.BoneCommand$ClientTick to FORGE
[095月2026 10:23:18.650] [modloading-worker-0/INFO] [Photon/]: Photon is initializing on platform: Forge
[095月2026 10:23:18.650] [modloading-worker-0/INFO] [LowDragLib/]: LowDragLib is initializing on platform: Forge
[095月2026 10:23:18.657] [modloading-worker-0/DEBUG] [net.minecraftforge.fml.javafmlmod.AutomaticEventSubscriber/LOADING]: Auto-subscribing net.zidou.photon_or_epicfight.config.Config to MOD
[095月2026 10:23:18.670] [modloading-worker-0/DEBUG] [mixin/]: Mixing perf.fix_loop_spin_waiting.MinecraftServerMixin from modernfix-modernfix.mixins.json into net.minecraft.server.MinecraftServer
[095月2026 10:23:18.670] [modloading-worker-0/DEBUG] [net.minecraftforge.versions.forge.ForgeVersion/CORE]: Forge Version package package net.minecraftforge.versions.forge, Forge, version 47.4 from cpw.mods.modlauncher.TransformingClassLoader@27abb6ca
[095月2026 10:23:18.670] [modloading-worker-0/DEBUG] [net.minecraftforge.versions.forge.ForgeVersion/CORE]: Found Forge version 47.4.0
[095月2026 10:23:18.670] [modloading-worker-0/DEBUG] [net.minecraftforge.versions.forge.ForgeVersion/CORE]: Found Forge spec 47.4
[095月2026 10:23:18.670] [modloading-worker-0/DEBUG] [net.minecraftforge.versions.forge.ForgeVersion/CORE]: Found Forge group net.minecraftforge
[095月2026 10:23:18.670] [modloading-worker-0/DEBUG] [mixin/]: Mixing MinecraftServerMixin from moonlight.mixins.json into net.minecraft.server.MinecraftServer
[095月2026 10:23:18.671] [modloading-worker-0/DEBUG] [mixin/]: Mixing core.MinecraftServerMixin from modernfix-modernfix.mixins.json into net.minecraft.server.MinecraftServer
[095月2026 10:23:18.671] [modloading-worker-0/DEBUG] [mixin/]: Renaming synthetic method lambda$mfix$endReloadTrack$0(Ljava/lang/Void;)V to mdedb9e6$lambda$mfix$endReloadTrack$0$0 in modernfix-modernfix.mixins.json:core.MinecraftServerMixin
[095月2026 10:23:18.672] [modloading-worker-0/DEBUG] [mixin/]: Mixing perf.dedicated_reload_executor.MinecraftServerMixin from modernfix-modernfix.mixins.json into net.minecraft.server.MinecraftServer
[095月2026 10:23:18.672] [modloading-worker-0/DEBUG] [mixin/]: Mixing perf.remove_spawn_chunks.MinecraftServerMixin from modernfix-modernfix.mixins.json into net.minecraft.server.MinecraftServer
[095月2026 10:23:18.715] [modloading-worker-0/DEBUG] [net.minecraftforge.versions.mcp.MCPVersion/CORE]: MCP Version package package net.minecraftforge.versions.mcp, Minecraft, version 1.20.1 from cpw.mods.modlauncher.TransformingClassLoader@27abb6ca
[095月2026 10:23:18.715] [modloading-worker-0/DEBUG] [net.minecraftforge.versions.mcp.MCPVersion/CORE]: Found MC version information 1.20.1
[095月2026 10:23:18.715] [modloading-worker-0/DEBUG] [net.minecraftforge.versions.mcp.MCPVersion/CORE]: Found MCP version information 20230612.114412
[095月2026 10:23:18.715] [modloading-worker-0/INFO] [net.minecraftforge.common.ForgeMod/FORGEMOD]: Forge mod loading, version 47.4.0, for MC 1.20.1 with MCP 20230612.114412
[095月2026 10:23:18.715] [modloading-worker-0/INFO] [net.minecraftforge.common.MinecraftForge/FORGE]: MinecraftForge v47.4.0 Initialized
[095月2026 10:23:18.717] [modloading-worker-0/DEBUG] [mixin/]: Mixing ModelBakeryMixin from ldlib-common.mixins.json into net.minecraft.client.resources.model.ModelBakery
[095月2026 10:23:18.717] [modloading-worker-0/DEBUG] [mixin/]: Renaming synthetic method lambda$injectLoadModel$0(Lnet/minecraft/resources/ResourceLocation;)Lnet/minecraft/client/resources/model/UnbakedModel; to mdedb9e6$lambda$injectLoadModel$0$0 in ldlib-common.mixins.json:ModelBakeryMixin
[095月2026 10:23:18.718] [modloading-worker-0/DEBUG] [mixin/]: Mixing accessor.ModelBakeryAccessor from ldlib-common.mixins.json into net.minecraft.client.resources.model.ModelBakery
[095月2026 10:23:18.719] [modloading-worker-0/DEBUG] [net.minecraftforge.fml.config.ConfigTracker/CONFIG]: Config file moonlight-common.toml for moonlight tracking
[095月2026 10:23:18.731] [modloading-worker-0/DEBUG] [net.minecraftforge.fml.javafmlmod.AutomaticEventSubscriber/LOADING]: Attempting to inject @EventBusSubscriber classes into the eventbus for photon
[095月2026 10:23:18.731] [modloading-worker-0/DEBUG] [net.minecraftforge.fml.javafmlmod.AutomaticEventSubscriber/LOADING]: Auto-subscribing com.lowdragmc.photon.client.forge.ClientEventListener to FORGE
[095月2026 10:23:18.738] [modloading-worker-0/DEBUG] [mixin/]: Mixing WorldRendererMixin from ldlib-common.mixins.json into net.minecraft.client.renderer.LevelRenderer
[095月2026 10:23:18.739] [modloading-worker-0/DEBUG] [mixin/]: Mixing LevelRendererMixin from photon.mixins.json into net.minecraft.client.renderer.LevelRenderer
[095月2026 10:23:18.741] [modloading-worker-0/DEBUG] [mixin/]: Mixing client.MixinLevelRenderer from mixins.epicfight.json into net.minecraft.client.renderer.LevelRenderer
[095月2026 10:23:18.795] [modloading-worker-0/DEBUG] [mixin/]: Mixing ParticleEngineMixin from ldlib-common.mixins.json into net.minecraft.client.particle.ParticleEngine
[095月2026 10:23:18.796] [modloading-worker-0/DEBUG] [mixin/]: Renaming synthetic method lambda$injectTick$0(Ljava/util/Map$Entry;)Z to mdedb9e6$lambda$injectTick$0$0 in ldlib-common.mixins.json:ParticleEngineMixin
[095月2026 10:23:18.796] [modloading-worker-0/DEBUG] [mixin/]: Mixing accessor.ParticleEngineAccessor from ldlib-common.mixins.json into net.minecraft.client.particle.ParticleEngine
[095月2026 10:23:18.797] [modloading-worker-0/DEBUG] [net.minecraftforge.fml.config.ConfigTracker/CONFIG]: Config file epicfight-client.toml for epicfight tracking
[095月2026 10:23:18.799] [modloading-worker-0/DEBUG] [mixin/]: Mixing accessor.ParticleEngineAccessor from photon-common.mixins.json into net.minecraft.client.particle.ParticleEngine
[095月2026 10:23:18.801] [modloading-worker-0/DEBUG] [mixin/]: Mixing ParticleEngineMixin from photon.mixins.json into net.minecraft.client.particle.ParticleEngine
[095月2026 10:23:18.802] [modloading-worker-0/DEBUG] [mixin/]: Mixing no_iris.ParticleEngineMixin from photon.mixins.json into net.minecraft.client.particle.ParticleEngine
[095月2026 10:23:18.803] [modloading-worker-0/DEBUG] [mixin/]: Mixing client.MixinParticleEngine from mixins.epicfight.json into net.minecraft.client.particle.ParticleEngine
[095月2026 10:23:18.833] [modloading-worker-0/DEBUG] [mixin/]: Mixing client.MixinCamera from mixins.epicfight.json into net.minecraft.client.Camera
[095月2026 10:23:18.837] [modloading-worker-0/DEBUG] [mixin/]: Mixing perf.smart_ingredient_sync.ConnectionMixin from modernfix-modernfix.mixins.json into net.minecraft.network.Connection
[095月2026 10:23:18.852] [modloading-worker-0/DEBUG] [mixin/]: Mixing perf.datapack_reload_exceptions.RecipeManagerMixin from modernfix-modernfix.mixins.json into net.minecraft.world.item.crafting.RecipeManager
[095月2026 10:23:18.864] [modloading-worker-0/DEBUG] [net.minecraftforge.fml.config.ConfigTracker/CONFIG]: Config file modernfix-common.toml for modernfix tracking
[095月2026 10:23:18.867] [modloading-worker-0/DEBUG] [net.minecraftforge.fml.config.ConfigTracker/CONFIG]: Config file epicfight-common.toml for epicfight tracking
[095月2026 10:23:18.869] [modloading-worker-0/DEBUG] [net.minecraftforge.fml.config.ConfigTracker/CONFIG]: Config file dummmmmmy-client.toml for dummmmmmy tracking
[095月2026 10:23:18.873] [modloading-worker-0/DEBUG] [net.minecraftforge.fml.config.ConfigTracker/CONFIG]: Config file dummmmmmy-common.toml for dummmmmmy tracking
[095月2026 10:23:18.876] [modloading-worker-0/DEBUG] [ModernFix/]: Removed 4712 unneeded annotations from file forge-1.20.1-47.4.0_mapped_parchment_2023.09.03-1.20.1-recomp.jar
[095月2026 10:23:18.879] [modloading-worker-0/DEBUG] [net.minecraftforge.fml.config.ConfigTracker/CONFIG]: Config file forge-client.toml for forge tracking
[095月2026 10:23:18.879] [modloading-worker-0/DEBUG] [net.minecraftforge.fml.config.ConfigTracker/CONFIG]: Config file forge-server.toml for forge tracking
[095月2026 10:23:18.879] [modloading-worker-0/DEBUG] [net.minecraftforge.fml.ModLoadingContext/]: Attempted to register an empty config for type COMMON on mod forge
[095月2026 10:23:18.893] [modloading-worker-0/DEBUG] [mixin/]: Mixing EpicFightCapsMixin from photon_or_epicfight.mixins.json into yesman.epicfight.world.capabilities.EpicFightCapabilities
[095月2026 10:23:18.904] [modloading-worker-0/DEBUG] [net.minecraftforge.fml.javafmlmod.AutomaticEventSubscriber/LOADING]: Attempting to inject @EventBusSubscriber classes into the eventbus for dummmmmmy
[095月2026 10:23:18.907] [modloading-worker-0/DEBUG] [ModernFix/]: Removed 626 unneeded annotations from file selene-499980-7664875_mapped_parchment_2023.09.03-1.20.1.jar
[095月2026 10:23:18.908] [modloading-worker-0/DEBUG] [ModernFix/]: Removed 134 unneeded annotations from file ferritecore-429235-4810975_mapped_parchment_2023.09.03-1.20.1.jar
[095月2026 10:23:18.911] [modloading-worker-0/DEBUG] [ModernFix/]: Removed 1022 unneeded annotations from file ldlib-626676-7652228_mapped_parchment_2023.09.03-1.20.1.jar
[095月2026 10:23:18.915] [modloading-worker-0/DEBUG] [ModernFix/]: Removed 176 unneeded annotations from file photon-871522-7501597_mapped_parchment_2023.09.03-1.20.1.jar
[095月2026 10:23:18.916] [modloading-worker-0/DEBUG] [ModernFix/]: Removed 824 unneeded annotations from file 
[095月2026 10:23:18.916] [modloading-worker-0/DEBUG] [mixin/]: Mixing ReloadableServerResourcesMixin from moonlight-common.mixins.json into net.minecraft.server.ReloadableServerResources
[095月2026 10:23:18.918] [modloading-worker-0/DEBUG] [ModernFix/]: Removed 23 unneeded annotations from file mmmmmmmmmmmm-225738-6860192_mapped_parchment_2023.09.03-1.20.1.jar
[095月2026 10:23:18.919] [modloading-worker-0/DEBUG] [ModernFix/]: Removed 630 unneeded annotations from file epic-fight-mod-405076-8049910_mapped_parchment_2023.09.03-1.20.1.jar
[095月2026 10:23:18.920] [modloading-worker-0/DEBUG] [ModernFix/]: Removed 1050 unneeded annotations from file modernfix-790626-8050207_mapped_parchment_2023.09.03-1.20.1.jar
[095月2026 10:23:18.922] [modloading-worker-0/DEBUG] [ModernFix/]: Removed 36 unneeded annotations from file main
[095月2026 10:23:18.925] [modloading-worker-0/DEBUG] [net.minecraftforge.fml.javafmlmod.AutomaticEventSubscriber/LOADING]: Attempting to inject @EventBusSubscriber classes into the eventbus for modernfix
[095月2026 10:23:18.931] [modloading-worker-0/DEBUG] [net.minecraftforge.fml.javafmlmod.AutomaticEventSubscriber/LOADING]: Attempting to inject @EventBusSubscriber classes into the eventbus for forge
[095月2026 10:23:18.931] [modloading-worker-0/DEBUG] [net.minecraftforge.fml.javafmlmod.AutomaticEventSubscriber/LOADING]: Auto-subscribing net.minecraftforge.common.ForgeSpawnEggItem$CommonHandler to MOD
[095月2026 10:23:18.932] [modloading-worker-0/DEBUG] [net.minecraftforge.fml.javafmlmod.AutomaticEventSubscriber/LOADING]: Auto-subscribing net.minecraftforge.common.ForgeSpawnEggItem$ColorRegisterHandler to MOD
[095月2026 10:23:18.937] [modloading-worker-0/DEBUG] [mixin/]: Mixing safety.ItemColorsMixin from modernfix-modernfix.mixins.json into net.minecraft.client.color.item.ItemColors
[095月2026 10:23:18.943] [modloading-worker-0/DEBUG] [epicfight/]: Registered Extendable Enum class yesman.epicfight.api.animation.LivingMotions in living_motion
[095月2026 10:23:18.944] [modloading-worker-0/DEBUG] [mixin/]: Mixing safety.BlockColorsMixin from modernfix-modernfix.mixins.json into net.minecraft.client.color.block.BlockColors
[095月2026 10:23:18.950] [modloading-worker-0/DEBUG] [epicfight/]: Registered Extendable Enum class yesman.epicfight.skill.SkillCategories in skill_category
[095月2026 10:23:18.952] [modloading-worker-0/DEBUG] [epicfight/]: Registered Extendable Enum class yesman.epicfight.skill.SkillSlots in skill_slot
[095月2026 10:23:18.952] [modloading-worker-0/DEBUG] [net.minecraftforge.fml.javafmlmod.AutomaticEventSubscriber/LOADING]: Auto-subscribing net.minecraftforge.client.model.data.ModelDataManager to FORGE
[095月2026 10:23:18.952] [modloading-worker-0/DEBUG] [mixin/]: Mixing bugfix.model_data_manager_cme.ModelDataManagerMixin from modernfix-modernfix.mixins.json into net.minecraftforge.client.model.data.ModelDataManager
[095月2026 10:23:18.952] [modloading-worker-0/DEBUG] [mixin/]: Renaming synthetic method lambda$changeTypeOfSetUsed$0(Lnet/minecraft/world/level/ChunkPos;)Ljava/util/Set; to mdedb9e6$lambda$changeTypeOfSetUsed$0$0 in modernfix-modernfix.mixins.json:bugfix.model_data_manager_cme.ModelDataManagerMixin
[095月2026 10:23:18.966] [modloading-worker-0/DEBUG] [epicfight/]: Registered Extendable Enum class yesman.epicfight.world.capabilities.item.CapabilityItem$Styles in style
[095月2026 10:23:18.967] [modloading-worker-0/DEBUG] [epicfight/]: Registered Extendable Enum class yesman.epicfight.world.capabilities.item.CapabilityItem$WeaponCategories in weapon_category
[095月2026 10:23:18.968] [modloading-worker-0/DEBUG] [net.minecraftforge.fml.javafmlmod.AutomaticEventSubscriber/LOADING]: Auto-subscribing net.minecraftforge.client.ForgeHooksClient$ClientEvents to MOD
[095月2026 10:23:18.968] [modloading-worker-0/DEBUG] [epicfight/]: Registered Extendable Enum class yesman.epicfight.world.capabilities.entitypatch.Factions in faction
[095月2026 10:23:18.971] [modloading-worker-0/DEBUG] [epicfight/]: Registered Extendable Enum class yesman.epicfight.network.EntityPairingPacketTypes in entity_pairing_packet_type
[095月2026 10:23:18.972] [modloading-worker-0/DEBUG] [epicfight/]: Registered Extendable Enum class yesman.epicfight.api.client.input.action.EpicFightInputAction in input_action
[095月2026 10:23:18.974] [modloading-worker-0/DEBUG] [epicfight/]: Registered Extendable Enum class yesman.epicfight.api.client.input.action.MinecraftInputAction in input_action
[095月2026 10:23:18.984] [modloading-worker-0/DEBUG] [net.minecraftforge.fml.javafmlmod.AutomaticEventSubscriber/LOADING]: Auto-subscribing net.minecraftforge.client.ClientForgeMod to MOD
[095月2026 10:23:19.044] [modloading-worker-0/DEBUG] [net.minecraftforge.fml.javafmlmod.AutomaticEventSubscriber/LOADING]: Attempting to inject @EventBusSubscriber classes into the eventbus for epicfight
[095月2026 10:23:19.044] [modloading-worker-0/DEBUG] [net.minecraftforge.fml.javafmlmod.AutomaticEventSubscriber/LOADING]: Auto-subscribing yesman.epicfight.world.entity.ai.attribute.EpicFightAttributes to MOD
[095月2026 10:23:19.046] [modloading-worker-0/DEBUG] [net.minecraftforge.fml.javafmlmod.AutomaticEventSubscriber/LOADING]: Auto-subscribing yesman.epicfight.main.EpicFightMod$ClientModEvents to MOD
[095月2026 10:23:19.049] [modloading-worker-0/DEBUG] [net.minecraftforge.fml.javafmlmod.AutomaticEventSubscriber/LOADING]: Auto-subscribing yesman.epicfight.gameasset.EpicFightSkills to MOD
[095月2026 10:23:19.056] [modloading-worker-0/DEBUG] [net.minecraftforge.fml.javafmlmod.AutomaticEventSubscriber/LOADING]: Auto-subscribing yesman.epicfight.gameasset.Animations to MOD
[095月2026 10:23:19.082] [modloading-worker-0/DEBUG] [net.minecraftforge.fml.config.ConfigTracker/CONFIG]: Config file moonlight-client.toml for moonlight tracking
[095月2026 10:23:19.103] [modloading-worker-0/DEBUG] [mixin/]: Mixing MixinViewMenu from photon_or_epicfight.mixins.json into com.lowdragmc.lowdraglib.gui.editor.ui.menu.ViewMenu
[095月2026 10:23:19.104] [modloading-worker-0/DEBUG] [mixin/]: Renaming synthetic method lambda$photon$filterViews$0(Lcom/lowdragmc/lowdraglib/gui/editor/runtime/AnnotationDetector$Wrapper;)Z to mdedb9e6$lambda$photon$filterViews$0$0 in photon_or_epicfight.mixins.json:MixinViewMenu
[095月2026 10:23:19.111] [modloading-worker-0/DEBUG] [net.minecraftforge.fml.javafmlmod.AutomaticEventSubscriber/LOADING]: Auto-subscribing yesman.epicfight.events.WorldEvents to FORGE
[095月2026 10:23:19.116] [modloading-worker-0/DEBUG] [mixin/]: Mixing perf.smart_ingredient_sync.PlayerListMixin from modernfix-modernfix.mixins.json into net.minecraft.server.players.PlayerList
[095月2026 10:23:19.116] [modloading-worker-0/DEBUG] [mixin/]: Mixing perf.remove_spawn_chunks.PlayerListMixin from modernfix-modernfix.mixins.json into net.minecraft.server.players.PlayerList
[095月2026 10:23:19.117] [modloading-worker-0/DEBUG] [mixin/]: Mixing perf.suspend_integrated_server_during_load.PlayerListMixin from modernfix-modernfix.mixins.json into net.minecraft.server.players.PlayerList
[095月2026 10:23:19.156] [modloading-worker-0/DEBUG] [net.minecraftforge.fml.javafmlmod.AutomaticEventSubscriber/LOADING]: Auto-subscribing yesman.epicfight.events.WorldEvents$WorldEventsClient to FORGE
[095月2026 10:23:19.157] [modloading-worker-0/DEBUG] [net.minecraftforge.fml.javafmlmod.AutomaticEventSubscriber/LOADING]: Auto-subscribing yesman.epicfight.events.PlayerEvents to FORGE
[095月2026 10:23:19.165] [modloading-worker-0/DEBUG] [net.minecraftforge.fml.javafmlmod.AutomaticEventSubscriber/LOADING]: Attempting to inject @EventBusSubscriber classes into the eventbus for moonlight
[095月2026 10:23:19.165] [modloading-worker-0/DEBUG] [net.minecraftforge.fml.javafmlmod.AutomaticEventSubscriber/LOADING]: Auto-subscribing net.mehvahdjukaar.moonlight.forge.MoonlightForgeClient to FORGE
[095月2026 10:23:19.170] [modloading-worker-0/DEBUG] [net.minecraftforge.fml.javafmlmod.AutomaticEventSubscriber/LOADING]: Auto-subscribing yesman.epicfight.events.EntityEvents to FORGE
[095月2026 10:23:19.189] [modloading-worker-0/DEBUG] [net.minecraftforge.fml.javafmlmod.AutomaticEventSubscriber/LOADING]: Auto-subscribing yesman.epicfight.events.CapabilityEvents to FORGE
[095月2026 10:23:19.190] [modloading-worker-0/DEBUG] [mixin/]: Mixing perf.forge_cap_retrieval.AttachCapabilitiesEventMixin from modernfix-modernfix.mixins.json into net.minecraftforge.event.AttachCapabilitiesEvent
[095月2026 10:23:19.191] [modloading-worker-0/DEBUG] [net.minecraftforge.fml.javafmlmod.AutomaticEventSubscriber/LOADING]: Auto-subscribing yesman.epicfight.data.loot.EpicFightLootTables to FORGE
[095月2026 10:23:19.191] [modloading-worker-0/DEBUG] [net.minecraftforge.fml.javafmlmod.AutomaticEventSubscriber/LOADING]: Auto-subscribing yesman.epicfight.config.CommonConfig to MOD
[095月2026 10:23:19.191] [modloading-worker-0/DEBUG] [net.minecraftforge.fml.javafmlmod.AutomaticEventSubscriber/LOADING]: Auto-subscribing yesman.epicfight.config.ClientConfig to MOD
[095月2026 10:23:19.191] [modloading-worker-0/DEBUG] [net.minecraftforge.fml.javafmlmod.AutomaticEventSubscriber/LOADING]: Auto-subscribing yesman.epicfight.client.renderer.EpicFightShaders to MOD
[095月2026 10:23:19.192] [modloading-worker-0/DEBUG] [net.minecraftforge.fml.javafmlmod.AutomaticEventSubscriber/LOADING]: Auto-subscribing yesman.epicfight.client.input.EpicFightKeyMappings to MOD
[095月2026 10:23:19.193] [modloading-worker-0/DEBUG] [net.minecraftforge.fml.javafmlmod.AutomaticEventSubscriber/LOADING]: Auto-subscribing yesman.epicfight.client.events.engine.RenderEngine$Events to FORGE
[095月2026 10:23:19.199] [modloading-worker-0/DEBUG] [mixin/]: Mixing client.MixinEntityRenderer from mixins.epicfight.json into net.minecraft.client.renderer.entity.EntityRenderer
[095月2026 10:23:19.206] [modloading-worker-0/DEBUG] [mixin/]: Mixing client.MixinLivingEntityRenderer from mixins.epicfight.json into net.minecraft.client.renderer.entity.LivingEntityRenderer
[095月2026 10:23:19.216] [modloading-worker-0/DEBUG] [mixin/]: Mixing bugfix.entity_pose_stack.LivingEntityRendererMixin from modernfix-modernfix.mixins.json into net.minecraft.client.renderer.entity.LivingEntityRenderer
[095月2026 10:23:19.217] [modloading-worker-0/DEBUG] [mixin/]: Mixing safety.LivingEntityRendererMixin from modernfix-modernfix.mixins.json into net.minecraft.client.renderer.entity.LivingEntityRenderer
[095月2026 10:23:19.217] [modloading-worker-0/DEBUG] [mixin/]: Renaming synthetic method lambda$handleOffThreadLayerAdd$0(Lnet/minecraft/client/renderer/entity/layers/RenderLayer;)V to mdedb9e6$lambda$handleOffThreadLayerAdd$0$0 in modernfix-modernfix.mixins.json:safety.LivingEntityRendererMixin
[095月2026 10:23:19.229] [modloading-worker-0/DEBUG] [mixin/]: Mixing MixinParticleScenePanel from photon_or_epicfight.mixins.json into com.lowdragmc.photon.gui.editor.ParticleScenePanel
[095月2026 10:23:19.236] [modloading-worker-0/DEBUG] [mixin/]: Mixing client.MixinEnderDragonRenderer from mixins.epicfight.json into net.minecraft.client.renderer.entity.EnderDragonRenderer
[095月2026 10:23:19.238] [modloading-worker-0/DEBUG] [mixin/]: Mixing bugfix.ender_dragon_leak.EnderDragonRendererMixin from modernfix-modernfix.mixins.json into net.minecraft.client.renderer.entity.EnderDragonRenderer
[095月2026 10:23:19.259] [modloading-worker-0/DEBUG] [mixin/]: Mixing MixinTrackedDummyWorld from photon_or_epicfight.mixins.json into com.lowdragmc.lowdraglib.utils.TrackedDummyWorld
[095月2026 10:23:19.263] [modloading-worker-0/DEBUG] [mixin/]: Mixing MixinSceneRender from photon_or_epicfight.mixins.json into com.lowdragmc.lowdraglib.gui.widget.SceneWidget
[095月2026 10:23:19.284] [modloading-worker-0/DEBUG] [net.minecraftforge.fml.javafmlmod.AutomaticEventSubscriber/LOADING]: Auto-subscribing yesman.epicfight.client.events.engine.ControlEngine$Events to FORGE
[095月2026 10:23:19.291] [modloading-worker-0/DEBUG] [net.minecraftforge.fml.javafmlmod.AutomaticEventSubscriber/LOADING]: Auto-subscribing yesman.epicfight.client.events.ClientModBusEvent to MOD
[095月2026 10:23:19.297] [modloading-worker-0/DEBUG] [net.minecraftforge.fml.javafmlmod.AutomaticEventSubscriber/LOADING]: Auto-subscribing yesman.epicfight.client.events.ClientEvents to FORGE
[095月2026 10:23:19.365] [modloading-worker-0/DEBUG] [net.minecraftforge.fml.javafmlmod.AutomaticEventSubscriber/LOADING]: Attempting to inject @EventBusSubscriber classes into the eventbus for ldlib
[095月2026 10:23:19.365] [modloading-worker-0/DEBUG] [net.minecraftforge.fml.javafmlmod.AutomaticEventSubscriber/LOADING]: Auto-subscribing com.lowdragmc.lowdraglib.forge.CommonListeners to FORGE
[095月2026 10:23:19.366] [modloading-worker-0/DEBUG] [net.minecraftforge.fml.javafmlmod.AutomaticEventSubscriber/LOADING]: Auto-subscribing com.lowdragmc.lowdraglib.client.forge.ClientEventListener to FORGE
[095月2026 10:23:19.381] [Render thread/DEBUG] [net.minecraftforge.fml.DeferredWorkQueue/LOADING]: Dispatching synchronous work for work queue CONSTRUCT: 9 jobs
[095月2026 10:23:19.383] [Render thread/DEBUG] [epicfight/]: Loaded enums in class yesman.epicfight.api.animation.LivingMotions
[095月2026 10:23:19.383] [Render thread/DEBUG] [epicfight/]: All enums are loaded: living_motion [ALL, INACTION, IDLE, CONFRONT, ANGRY, FLOAT, WALK, RUN, SWIM, FLY, SNEAK, KNEEL, FALL, SIT, MOUNT, DEATH, CHASE, SPELLCAST, JUMP, CELEBRATE, LANDING_RECOVERY, CREATIVE_FLY, CREATIVE_IDLE, SLEEP, DIGGING, ADMIRE, CLIMB, DRINK, EAT, NONE, AIM, BLOCK, BLOCK_SHIELD, RELOAD, SHOT, SPECTATE]
[095月2026 10:23:19.384] [Render thread/DEBUG] [epicfight/]: Loaded enums in class yesman.epicfight.skill.SkillCategories
[095月2026 10:23:19.384] [Render thread/DEBUG] [epicfight/]: All enums are loaded: skill_category [BASIC_ATTACK, DODGE, PASSIVE, WEAPON_PASSIVE, WEAPON_INNATE, GUARD, KNOCKDOWN_WAKEUP, MOVER, IDENTITY]
[095月2026 10:23:19.385] [Render thread/DEBUG] [epicfight/]: Loaded enums in class yesman.epicfight.skill.SkillSlots
[095月2026 10:23:19.385] [Render thread/DEBUG] [epicfight/]: All enums are loaded: skill_slot [BASIC_ATTACK, DODGE, PASSIVE1, PASSIVE2, PASSIVE3, WEAPON_PASSIVE, WEAPON_INNATE, GUARD, KNOCKDOWN_WAKEUP, MOVER, IDENTITY]
[095月2026 10:23:19.385] [Render thread/DEBUG] [epicfight/]: Loaded enums in class yesman.epicfight.world.capabilities.item.CapabilityItem$Styles
[095月2026 10:23:19.385] [Render thread/DEBUG] [epicfight/]: All enums are loaded: style [COMMON, ONE_HAND, TWO_HAND, MOUNT, RANGED, SHEATH, OCHS]
[095月2026 10:23:19.385] [Render thread/DEBUG] [epicfight/]: Loaded enums in class yesman.epicfight.world.capabilities.item.CapabilityItem$WeaponCategories
[095月2026 10:23:19.385] [Render thread/DEBUG] [epicfight/]: All enums are loaded: weapon_category [NOT_WEAPON, AXE, FIST, GREATSWORD, HOE, PICKAXE, SHOVEL, SWORD, UCHIGATANA, SPEAR, TACHI, TRIDENT, LONGSWORD, DAGGER, SHIELD, CROSSBOW, BOW]
[095月2026 10:23:19.387] [Render thread/DEBUG] [epicfight/]: Loaded enums in class yesman.epicfight.world.capabilities.entitypatch.Factions
[095月2026 10:23:19.387] [Render thread/DEBUG] [epicfight/]: All enums are loaded: faction [NEUTRAL, UNDEAD, BLAZE, ENDERMAN, ILLAGER, PIGLINS, WITHER, VILLAGER, ZOMBIFIED_PIGLIN]
[095月2026 10:23:19.387] [Render thread/DEBUG] [epicfight/]: Loaded enums in class yesman.epicfight.network.EntityPairingPacketTypes
[095月2026 10:23:19.387] [Render thread/DEBUG] [epicfight/]: All enums are loaded: entity_pairing_packet_type [ADRENALINE_ACTIVATED, BONEBREAKER_BEGIN, BONEBREAKER_MAX_STACK, BONEBREAKER_CLEAR, STAMINA_PILLAGER_BODY_ASHES, EMERGENCY_ESCAPE_ACTIVATED, ENDERMAN_RAGE, FLASH_WHITE, PIGLIN_BABY_SPAWN, SET_BOSS_EVENT_OWNER, TECHNICIAN_ACTIVATED, TRIDENT_THROWN, VENGEANCE_OVERLAY, VENGEANCE_TARGET_CANCEL, ZOMBIE_SPAWN]
[095月2026 10:23:19.387] [Render thread/DEBUG] [epicfight/]: Loaded enums in class yesman.epicfight.api.client.input.action.EpicFightInputAction
[095月2026 10:23:19.387] [Render thread/DEBUG] [epicfight/]: Loaded enums in class yesman.epicfight.api.client.input.action.MinecraftInputAction
[095月2026 10:23:19.387] [Render thread/DEBUG] [epicfight/]: All enums are loaded: input_action [ATTACK, MOBILITY, GUARD, DODGE, LOCK_ON, LOCK_ON_SHIFT_LEFT, LOCK_ON_SHIFT_RIGHT, LOCK_ON_SHIFT_FREELY, SWITCH_MODE, WEAPON_INNATE_SKILL, WEAPON_INNATE_SKILL_TOOLTIP, OPEN_SKILL_SCREEN, OPEN_CONFIG_SCREEN, SWITCH_VANILLA_MODEL_DEBUGGING, JUMP, ATTACK_DESTROY, USE, SWAP_OFF_HAND, DROP, TOGGLE_PERSPECTIVE, MOVE_FORWARD, MOVE_BACKWARD, MOVE_LEFT, MOVE_RIGHT, SPRINT, SNEAK]
[095月2026 10:23:19.432] [Render thread/DEBUG] [net.minecraftforge.fml.DeferredWorkQueue/LOADING]: Synchronous work queue completed in 49.82 ms
[095月2026 10:23:19.797] [Render thread/DEBUG] [net.minecraftforge.registries.ObjectHolderRegistry/REGISTRIES]: Processing ObjectHolder annotations
[095月2026 10:23:19.808] [Render thread/DEBUG] [net.minecraftforge.registries.ObjectHolderRegistry/REGISTRIES]: Found 4030 ObjectHolder annotations
[095月2026 10:23:20.014] [Render thread/DEBUG] [net.minecraftforge.common.capabilities.CapabilityManager/CAPABILITIES]: Attempting to automatically register: Lnet/minecraftforge/energy/IEnergyStorage;
[095月2026 10:23:20.014] [Render thread/DEBUG] [net.minecraftforge.common.capabilities.CapabilityManager/CAPABILITIES]: Attempting to automatically register: Lnet/minecraftforge/fluids/capability/IFluidHandler;
[095月2026 10:23:20.014] [Render thread/DEBUG] [net.minecraftforge.common.capabilities.CapabilityManager/CAPABILITIES]: Attempting to automatically register: Lnet/minecraftforge/fluids/capability/IFluidHandlerItem;
[095月2026 10:23:20.014] [Render thread/DEBUG] [net.minecraftforge.common.capabilities.CapabilityManager/CAPABILITIES]: Attempting to automatically register: Lnet/minecraftforge/items/IItemHandler;
[095月2026 10:23:20.221] [Render thread/DEBUG] [net.minecraftforge.registries.GameData/REGISTRIES]: Unfreezing vanilla registries
[095月2026 10:23:20.427] [Render thread/DEBUG] [net.minecraftforge.registries.GameData/REGISTRIES]: Applying holder lookups: minecraft:sound_event
[095月2026 10:23:20.429] [Render thread/DEBUG] [net.minecraftforge.registries.GameData/REGISTRIES]: Holder lookups applied: minecraft:sound_event
[095月2026 10:23:20.429] [Render thread/DEBUG] [net.minecraftforge.registries.GameData/REGISTRIES]: Applying holder lookups: minecraft:fluid
[095月2026 10:23:20.429] [Render thread/DEBUG] [net.minecraftforge.registries.GameData/REGISTRIES]: Holder lookups applied: minecraft:fluid
[095月2026 10:23:20.436] [Render thread/DEBUG] [net.minecraftforge.registries.GameData/REGISTRIES]: Applying holder lookups: minecraft:block
[095月2026 10:23:20.437] [Render thread/DEBUG] [net.minecraftforge.registries.GameData/REGISTRIES]: Holder lookups applied: minecraft:block
[095月2026 10:23:20.437] [Render thread/DEBUG] [net.minecraftforge.registries.GameData/REGISTRIES]: Applying holder lookups: minecraft:attribute
[095月2026 10:23:20.438] [Render thread/DEBUG] [net.minecraftforge.registries.GameData/REGISTRIES]: Holder lookups applied: minecraft:attribute
[095月2026 10:23:20.438] [Render thread/DEBUG] [net.minecraftforge.registries.GameData/REGISTRIES]: Applying holder lookups: minecraft:mob_effect
[095月2026 10:23:20.438] [Render thread/DEBUG] [net.minecraftforge.registries.GameData/REGISTRIES]: Holder lookups applied: minecraft:mob_effect
[095月2026 10:23:20.441] [Render thread/DEBUG] [net.minecraftforge.registries.GameData/REGISTRIES]: Applying holder lookups: minecraft:particle_type
[095月2026 10:23:20.441] [Render thread/DEBUG] [net.minecraftforge.registries.GameData/REGISTRIES]: Holder lookups applied: minecraft:particle_type
[095月2026 10:23:20.448] [Render thread/DEBUG] [net.minecraftforge.registries.GameData/REGISTRIES]: Applying holder lookups: minecraft:item
[095月2026 10:23:20.449] [Render thread/DEBUG] [net.minecraftforge.registries.GameData/REGISTRIES]: Holder lookups applied: minecraft:item
[095月2026 10:23:20.454] [Render thread/INFO] [Moonlight/]: Initialized block sets in 5ms
[095月2026 10:23:20.461] [Render thread/DEBUG] [net.minecraftforge.registries.GameData/REGISTRIES]: Applying holder lookups: minecraft:entity_type
[095月2026 10:23:20.461] [Render thread/DEBUG] [net.minecraftforge.registries.GameData/REGISTRIES]: Holder lookups applied: minecraft:entity_type
[095月2026 10:23:20.461] [Render thread/DEBUG] [net.minecraftforge.registries.GameData/REGISTRIES]: Applying holder lookups: minecraft:sensor_type
[095月2026 10:23:20.461] [Render thread/DEBUG] [net.minecraftforge.registries.GameData/REGISTRIES]: Holder lookups applied: minecraft:sensor_type
[095月2026 10:23:20.462] [Render thread/DEBUG] [net.minecraftforge.registries.GameData/REGISTRIES]: Applying holder lookups: minecraft:memory_module_type
[095月2026 10:23:20.462] [Render thread/DEBUG] [net.minecraftforge.registries.GameData/REGISTRIES]: Holder lookups applied: minecraft:memory_module_type
[095月2026 10:23:20.462] [Render thread/DEBUG] [net.minecraftforge.registries.GameData/REGISTRIES]: Applying holder lookups: minecraft:potion
[095月2026 10:23:20.462] [Render thread/DEBUG] [net.minecraftforge.registries.GameData/REGISTRIES]: Holder lookups applied: minecraft:potion
[095月2026 10:23:20.462] [Render thread/DEBUG] [net.minecraftforge.registries.GameData/REGISTRIES]: Applying holder lookups: minecraft:game_event
[095月2026 10:23:20.463] [Render thread/DEBUG] [net.minecraftforge.registries.GameData/REGISTRIES]: Holder lookups applied: minecraft:game_event
[095月2026 10:23:20.463] [Render thread/DEBUG] [net.minecraftforge.registries.GameData/REGISTRIES]: Applying holder lookups: minecraft:enchantment
[095月2026 10:23:20.463] [Render thread/DEBUG] [net.minecraftforge.registries.GameData/REGISTRIES]: Holder lookups applied: minecraft:enchantment
[095月2026 10:23:20.466] [Render thread/INFO] [ModernFix/]: Instantiating Mojang DFU
[095月2026 10:23:20.569] [Render thread/DEBUG] [mixin/]: Mixing perf.compact_mojang_registries.BlockStateDataMixin from modernfix-modernfix.mixins.json into net.minecraft.util.datafix.fixes.BlockStateData
[095月2026 10:23:20.882] [Render thread/DEBUG] [net.minecraftforge.registries.GameData/REGISTRIES]: Applying holder lookups: minecraft:block_entity_type
[095月2026 10:23:20.882] [Render thread/DEBUG] [net.minecraftforge.registries.GameData/REGISTRIES]: Holder lookups applied: minecraft:block_entity_type
[095月2026 10:23:20.882] [Render thread/DEBUG] [net.minecraftforge.registries.GameData/REGISTRIES]: Applying holder lookups: minecraft:painting_variant
[095月2026 10:23:20.882] [Render thread/DEBUG] [net.minecraftforge.registries.GameData/REGISTRIES]: Holder lookups applied: minecraft:painting_variant
[095月2026 10:23:20.882] [Render thread/DEBUG] [net.minecraftforge.registries.GameData/REGISTRIES]: Applying holder lookups: minecraft:stat_type
[095月2026 10:23:20.882] [Render thread/DEBUG] [net.minecraftforge.registries.GameData/REGISTRIES]: Holder lookups applied: minecraft:stat_type
[095月2026 10:23:20.882] [Render thread/DEBUG] [net.minecraftforge.registries.GameData/REGISTRIES]: Applying holder lookups: minecraft:custom_stat
[095月2026 10:23:20.883] [Render thread/DEBUG] [net.minecraftforge.registries.GameData/REGISTRIES]: Holder lookups applied: minecraft:custom_stat
[095月2026 10:23:20.883] [Render thread/DEBUG] [net.minecraftforge.registries.GameData/REGISTRIES]: Applying holder lookups: minecraft:chunk_status
[095月2026 10:23:20.883] [Render thread/DEBUG] [net.minecraftforge.registries.GameData/REGISTRIES]: Holder lookups applied: minecraft:chunk_status
[095月2026 10:23:20.883] [Render thread/DEBUG] [net.minecraftforge.registries.GameData/REGISTRIES]: Applying holder lookups: minecraft:rule_test
[095月2026 10:23:20.883] [Render thread/DEBUG] [net.minecraftforge.registries.GameData/REGISTRIES]: Holder lookups applied: minecraft:rule_test
[095月2026 10:23:20.883] [Render thread/DEBUG] [net.minecraftforge.registries.GameData/REGISTRIES]: Applying holder lookups: minecraft:rule_block_entity_modifier
[095月2026 10:23:20.883] [Render thread/DEBUG] [net.minecraftforge.registries.GameData/REGISTRIES]: Holder lookups applied: minecraft:rule_block_entity_modifier
[095月2026 10:23:20.883] [Render thread/DEBUG] [net.minecraftforge.registries.GameData/REGISTRIES]: Applying holder lookups: minecraft:pos_rule_test
[095月2026 10:23:20.883] [Render thread/DEBUG] [net.minecraftforge.registries.GameData/REGISTRIES]: Holder lookups applied: minecraft:pos_rule_test
[095月2026 10:23:20.883] [Render thread/DEBUG] [net.minecraftforge.registries.GameData/REGISTRIES]: Applying holder lookups: minecraft:menu
[095月2026 10:23:20.883] [Render thread/DEBUG] [net.minecraftforge.registries.GameData/REGISTRIES]: Holder lookups applied: minecraft:menu
[095月2026 10:23:20.885] [Render thread/DEBUG] [net.minecraftforge.registries.GameData/REGISTRIES]: Applying holder lookups: minecraft:recipe_type
[095月2026 10:23:20.885] [Render thread/DEBUG] [net.minecraftforge.registries.GameData/REGISTRIES]: Holder lookups applied: minecraft:recipe_type
[095月2026 10:23:20.892] [Render thread/DEBUG] [net.minecraftforge.registries.GameData/REGISTRIES]: Applying holder lookups: minecraft:recipe_serializer
[095月2026 10:23:20.892] [Render thread/DEBUG] [net.minecraftforge.registries.GameData/REGISTRIES]: Holder lookups applied: minecraft:recipe_serializer
[095月2026 10:23:20.892] [Render thread/DEBUG] [net.minecraftforge.registries.GameData/REGISTRIES]: Applying holder lookups: minecraft:position_source_type
[095月2026 10:23:20.892] [Render thread/DEBUG] [net.minecraftforge.registries.GameData/REGISTRIES]: Holder lookups applied: minecraft:position_source_type
[095月2026 10:23:20.896] [Render thread/DEBUG] [net.minecraftforge.registries.GameData/REGISTRIES]: Applying holder lookups: minecraft:command_argument_type
[095月2026 10:23:20.897] [Render thread/DEBUG] [net.minecraftforge.registries.GameData/REGISTRIES]: Holder lookups applied: minecraft:command_argument_type
[095月2026 10:23:20.897] [Render thread/DEBUG] [net.minecraftforge.registries.GameData/REGISTRIES]: Applying holder lookups: minecraft:villager_type
[095月2026 10:23:20.897] [Render thread/DEBUG] [net.minecraftforge.registries.GameData/REGISTRIES]: Holder lookups applied: minecraft:villager_type
[095月2026 10:23:20.897] [Render thread/DEBUG] [net.minecraftforge.registries.GameData/REGISTRIES]: Applying holder lookups: minecraft:villager_profession
[095月2026 10:23:20.897] [Render thread/DEBUG] [net.minecraftforge.registries.GameData/REGISTRIES]: Holder lookups applied: minecraft:villager_profession
[095月2026 10:23:20.897] [Render thread/DEBUG] [net.minecraftforge.registries.GameData/REGISTRIES]: Applying holder lookups: minecraft:point_of_interest_type
[095月2026 10:23:20.897] [Render thread/DEBUG] [net.minecraftforge.registries.GameData/REGISTRIES]: Holder lookups applied: minecraft:point_of_interest_type
[095月2026 10:23:20.897] [Render thread/DEBUG] [net.minecraftforge.registries.GameData/REGISTRIES]: Applying holder lookups: minecraft:schedule
[095月2026 10:23:20.897] [Render thread/DEBUG] [net.minecraftforge.registries.GameData/REGISTRIES]: Holder lookups applied: minecraft:schedule
[095月2026 10:23:20.897] [Render thread/DEBUG] [net.minecraftforge.registries.GameData/REGISTRIES]: Applying holder lookups: minecraft:activity
[095月2026 10:23:20.897] [Render thread/DEBUG] [net.minecraftforge.registries.GameData/REGISTRIES]: Holder lookups applied: minecraft:activity
[095月2026 10:23:20.900] [Render thread/DEBUG] [net.minecraftforge.registries.GameData/REGISTRIES]: Applying holder lookups: minecraft:loot_pool_entry_type
[095月2026 10:23:20.900] [Render thread/DEBUG] [net.minecraftforge.registries.GameData/REGISTRIES]: Holder lookups applied: minecraft:loot_pool_entry_type
[095月2026 10:23:20.900] [Render thread/DEBUG] [net.minecraftforge.registries.GameData/REGISTRIES]: Applying holder lookups: minecraft:loot_function_type
[095月2026 10:23:20.900] [Render thread/DEBUG] [net.minecraftforge.registries.GameData/REGISTRIES]: Holder lookups applied: minecraft:loot_function_type
[095月2026 10:23:20.913] [Render thread/DEBUG] [net.minecraftforge.registries.GameData/REGISTRIES]: Applying holder lookups: minecraft:loot_condition_type
[095月2026 10:23:20.913] [Render thread/DEBUG] [net.minecraftforge.registries.GameData/REGISTRIES]: Holder lookups applied: minecraft:loot_condition_type
[095月2026 10:23:20.913] [Render thread/DEBUG] [net.minecraftforge.registries.GameData/REGISTRIES]: Applying holder lookups: minecraft:loot_number_provider_type
[095月2026 10:23:20.913] [Render thread/DEBUG] [net.minecraftforge.registries.GameData/REGISTRIES]: Holder lookups applied: minecraft:loot_number_provider_type
[095月2026 10:23:20.913] [Render thread/DEBUG] [net.minecraftforge.registries.GameData/REGISTRIES]: Applying holder lookups: minecraft:loot_nbt_provider_type
[095月2026 10:23:20.913] [Render thread/DEBUG] [net.minecraftforge.registries.GameData/REGISTRIES]: Holder lookups applied: minecraft:loot_nbt_provider_type
[095月2026 10:23:20.913] [Render thread/DEBUG] [net.minecraftforge.registries.GameData/REGISTRIES]: Applying holder lookups: minecraft:loot_score_provider_type
[095月2026 10:23:20.913] [Render thread/DEBUG] [net.minecraftforge.registries.GameData/REGISTRIES]: Holder lookups applied: minecraft:loot_score_provider_type
[095月2026 10:23:20.913] [Render thread/DEBUG] [net.minecraftforge.registries.GameData/REGISTRIES]: Applying holder lookups: minecraft:float_provider_type
[095月2026 10:23:20.913] [Render thread/DEBUG] [net.minecraftforge.registries.GameData/REGISTRIES]: Holder lookups applied: minecraft:float_provider_type
[095月2026 10:23:20.913] [Render thread/DEBUG] [net.minecraftforge.registries.GameData/REGISTRIES]: Applying holder lookups: minecraft:int_provider_type
[095月2026 10:23:20.913] [Render thread/DEBUG] [net.minecraftforge.registries.GameData/REGISTRIES]: Holder lookups applied: minecraft:int_provider_type
[095月2026 10:23:20.913] [Render thread/DEBUG] [net.minecraftforge.registries.GameData/REGISTRIES]: Applying holder lookups: minecraft:height_provider_type
[095月2026 10:23:20.914] [Render thread/DEBUG] [net.minecraftforge.registries.GameData/REGISTRIES]: Holder lookups applied: minecraft:height_provider_type
[095月2026 10:23:20.914] [Render thread/DEBUG] [net.minecraftforge.registries.GameData/REGISTRIES]: Applying holder lookups: minecraft:block_predicate_type
[095月2026 10:23:20.914] [Render thread/DEBUG] [net.minecraftforge.registries.GameData/REGISTRIES]: Holder lookups applied: minecraft:block_predicate_type
[095月2026 10:23:20.914] [Render thread/DEBUG] [net.minecraftforge.registries.GameData/REGISTRIES]: Applying holder lookups: minecraft:worldgen/carver
[095月2026 10:23:20.914] [Render thread/DEBUG] [net.minecraftforge.registries.GameData/REGISTRIES]: Holder lookups applied: minecraft:worldgen/carver
[095月2026 10:23:20.914] [Render thread/DEBUG] [net.minecraftforge.registries.GameData/REGISTRIES]: Applying holder lookups: minecraft:worldgen/feature
[095月2026 10:23:20.914] [Render thread/DEBUG] [net.minecraftforge.registries.GameData/REGISTRIES]: Holder lookups applied: minecraft:worldgen/feature
[095月2026 10:23:20.914] [Render thread/DEBUG] [net.minecraftforge.registries.GameData/REGISTRIES]: Applying holder lookups: minecraft:worldgen/structure_processor
[095月2026 10:23:20.914] [Render thread/DEBUG] [net.minecraftforge.registries.GameData/REGISTRIES]: Holder lookups applied: minecraft:worldgen/structure_processor
[095月2026 10:23:20.914] [Render thread/DEBUG] [net.minecraftforge.registries.GameData/REGISTRIES]: Applying holder lookups: minecraft:worldgen/structure_placement
[095月2026 10:23:20.914] [Render thread/DEBUG] [net.minecraftforge.registries.GameData/REGISTRIES]: Holder lookups applied: minecraft:worldgen/structure_placement
[095月2026 10:23:20.915] [Render thread/DEBUG] [net.minecraftforge.registries.GameData/REGISTRIES]: Applying holder lookups: minecraft:worldgen/structure_piece
[095月2026 10:23:20.915] [Render thread/DEBUG] [net.minecraftforge.registries.GameData/REGISTRIES]: Holder lookups applied: minecraft:worldgen/structure_piece
[095月2026 10:23:20.915] [Render thread/DEBUG] [net.minecraftforge.registries.GameData/REGISTRIES]: Applying holder lookups: minecraft:worldgen/structure_type
[095月2026 10:23:20.915] [Render thread/DEBUG] [net.minecraftforge.registries.GameData/REGISTRIES]: Holder lookups applied: minecraft:worldgen/structure_type
[095月2026 10:23:20.915] [Render thread/DEBUG] [net.minecraftforge.registries.GameData/REGISTRIES]: Applying holder lookups: minecraft:worldgen/placement_modifier_type
[095月2026 10:23:20.915] [Render thread/DEBUG] [net.minecraftforge.registries.GameData/REGISTRIES]: Holder lookups applied: minecraft:worldgen/placement_modifier_type
[095月2026 10:23:20.915] [Render thread/DEBUG] [net.minecraftforge.registries.GameData/REGISTRIES]: Applying holder lookups: minecraft:worldgen/block_state_provider_type
[095月2026 10:23:20.915] [Render thread/DEBUG] [net.minecraftforge.registries.GameData/REGISTRIES]: Holder lookups applied: minecraft:worldgen/block_state_provider_type
[095月2026 10:23:20.915] [Render thread/DEBUG] [net.minecraftforge.registries.GameData/REGISTRIES]: Applying holder lookups: minecraft:worldgen/foliage_placer_type
[095月2026 10:23:20.915] [Render thread/DEBUG] [net.minecraftforge.registries.GameData/REGISTRIES]: Holder lookups applied: minecraft:worldgen/foliage_placer_type
[095月2026 10:23:20.915] [Render thread/DEBUG] [net.minecraftforge.registries.GameData/REGISTRIES]: Applying holder lookups: minecraft:worldgen/trunk_placer_type
[095月2026 10:23:20.916] [Render thread/DEBUG] [net.minecraftforge.registries.GameData/REGISTRIES]: Holder lookups applied: minecraft:worldgen/trunk_placer_type
[095月2026 10:23:20.916] [Render thread/DEBUG] [net.minecraftforge.registries.GameData/REGISTRIES]: Applying holder lookups: minecraft:worldgen/root_placer_type
[095月2026 10:23:20.916] [Render thread/DEBUG] [net.minecraftforge.registries.GameData/REGISTRIES]: Holder lookups applied: minecraft:worldgen/root_placer_type
[095月2026 10:23:20.916] [Render thread/DEBUG] [net.minecraftforge.registries.GameData/REGISTRIES]: Applying holder lookups: minecraft:worldgen/tree_decorator_type
[095月2026 10:23:20.916] [Render thread/DEBUG] [net.minecraftforge.registries.GameData/REGISTRIES]: Holder lookups applied: minecraft:worldgen/tree_decorator_type
[095月2026 10:23:20.916] [Render thread/DEBUG] [net.minecraftforge.registries.GameData/REGISTRIES]: Applying holder lookups: minecraft:worldgen/feature_size_type
[095月2026 10:23:20.917] [Render thread/DEBUG] [net.minecraftforge.registries.GameData/REGISTRIES]: Holder lookups applied: minecraft:worldgen/feature_size_type
[095月2026 10:23:20.917] [Render thread/DEBUG] [net.minecraftforge.registries.GameData/REGISTRIES]: Applying holder lookups: minecraft:worldgen/biome_source
[095月2026 10:23:20.917] [Render thread/DEBUG] [net.minecraftforge.registries.GameData/REGISTRIES]: Holder lookups applied: minecraft:worldgen/biome_source
[095月2026 10:23:20.917] [Render thread/DEBUG] [net.minecraftforge.registries.GameData/REGISTRIES]: Applying holder lookups: minecraft:worldgen/chunk_generator
[095月2026 10:23:20.917] [Render thread/DEBUG] [net.minecraftforge.registries.GameData/REGISTRIES]: Holder lookups applied: minecraft:worldgen/chunk_generator
[095月2026 10:23:20.917] [Render thread/DEBUG] [net.minecraftforge.registries.GameData/REGISTRIES]: Applying holder lookups: minecraft:worldgen/material_condition
[095月2026 10:23:20.917] [Render thread/DEBUG] [net.minecraftforge.registries.GameData/REGISTRIES]: Holder lookups applied: minecraft:worldgen/material_condition
[095月2026 10:23:20.917] [Render thread/DEBUG] [net.minecraftforge.registries.GameData/REGISTRIES]: Applying holder lookups: minecraft:worldgen/material_rule
[095月2026 10:23:20.917] [Render thread/DEBUG] [net.minecraftforge.registries.GameData/REGISTRIES]: Holder lookups applied: minecraft:worldgen/material_rule
[095月2026 10:23:20.917] [Render thread/DEBUG] [net.minecraftforge.registries.GameData/REGISTRIES]: Applying holder lookups: minecraft:worldgen/density_function_type
[095月2026 10:23:20.917] [Render thread/DEBUG] [net.minecraftforge.registries.GameData/REGISTRIES]: Holder lookups applied: minecraft:worldgen/density_function_type
[095月2026 10:23:20.917] [Render thread/DEBUG] [net.minecraftforge.registries.GameData/REGISTRIES]: Applying holder lookups: minecraft:worldgen/structure_pool_element
[095月2026 10:23:20.917] [Render thread/DEBUG] [net.minecraftforge.registries.GameData/REGISTRIES]: Holder lookups applied: minecraft:worldgen/structure_pool_element
[095月2026 10:23:20.917] [Render thread/DEBUG] [net.minecraftforge.registries.GameData/REGISTRIES]: Applying holder lookups: minecraft:cat_variant
[095月2026 10:23:20.917] [Render thread/DEBUG] [net.minecraftforge.registries.GameData/REGISTRIES]: Holder lookups applied: minecraft:cat_variant
[095月2026 10:23:20.917] [Render thread/DEBUG] [net.minecraftforge.registries.GameData/REGISTRIES]: Applying holder lookups: minecraft:frog_variant
[095月2026 10:23:20.917] [Render thread/DEBUG] [net.minecraftforge.registries.GameData/REGISTRIES]: Holder lookups applied: minecraft:frog_variant
[095月2026 10:23:20.917] [Render thread/DEBUG] [net.minecraftforge.registries.GameData/REGISTRIES]: Applying holder lookups: minecraft:banner_pattern
[095月2026 10:23:20.917] [Render thread/DEBUG] [net.minecraftforge.registries.GameData/REGISTRIES]: Holder lookups applied: minecraft:banner_pattern
[095月2026 10:23:20.917] [Render thread/DEBUG] [net.minecraftforge.registries.GameData/REGISTRIES]: Applying holder lookups: minecraft:instrument
[095月2026 10:23:20.919] [Render thread/DEBUG] [net.minecraftforge.registries.GameData/REGISTRIES]: Holder lookups applied: minecraft:instrument
[095月2026 10:23:20.919] [Render thread/DEBUG] [net.minecraftforge.registries.GameData/REGISTRIES]: Applying holder lookups: minecraft:decorated_pot_patterns
[095月2026 10:23:20.919] [Render thread/DEBUG] [net.minecraftforge.registries.GameData/REGISTRIES]: Holder lookups applied: minecraft:decorated_pot_patterns
[095月2026 10:23:20.920] [Render thread/DEBUG] [net.minecraftforge.registries.GameData/REGISTRIES]: Applying holder lookups: minecraft:creative_mode_tab
[095月2026 10:23:20.920] [Render thread/DEBUG] [net.minecraftforge.registries.GameData/REGISTRIES]: Holder lookups applied: minecraft:creative_mode_tab
[095月2026 10:23:20.943] [Render thread/DEBUG] [net.minecraftforge.registries.GameData/REGISTRIES]: Applying holder lookups: epicfight:conditions
[095月2026 10:23:20.943] [Render thread/DEBUG] [net.minecraftforge.registries.GameData/REGISTRIES]: Holder lookups applied: epicfight:conditions
[095月2026 10:23:21.023] [Datafixer Bootstrap/INFO] [com.mojang.datafixers.DataFixerBuilder/]: 188 Datafixer optimizations took 148 milliseconds
[095月2026 10:23:21.054] [Render thread/DEBUG] [net.minecraftforge.registries.GameData/REGISTRIES]: Applying holder lookups: epicfight:skill
[095月2026 10:23:21.054] [Render thread/DEBUG] [net.minecraftforge.registries.GameData/REGISTRIES]: Holder lookups applied: epicfight:skill
[095月2026 10:23:21.055] [Render thread/DEBUG] [net.minecraftforge.registries.GameData/REGISTRIES]: Applying holder lookups: epicfight:skill_data_keys
[095月2026 10:23:21.055] [Render thread/DEBUG] [net.minecraftforge.registries.GameData/REGISTRIES]: Holder lookups applied: epicfight:skill_data_keys
[095月2026 10:23:21.056] [Render thread/DEBUG] [net.minecraftforge.registries.GameData/REGISTRIES]: Applying holder lookups: epicfight:synched_animation_variable_keys
[095月2026 10:23:21.056] [Render thread/DEBUG] [net.minecraftforge.registries.GameData/REGISTRIES]: Holder lookups applied: epicfight:synched_animation_variable_keys
[095月2026 10:23:21.063] [Render thread/DEBUG] [net.minecraftforge.registries.GameData/REGISTRIES]: Applying holder lookups: forge:biome_modifier_serializers
[095月2026 10:23:21.064] [Render thread/DEBUG] [net.minecraftforge.registries.GameData/REGISTRIES]: Holder lookups applied: forge:biome_modifier_serializers
[095月2026 10:23:21.064] [Render thread/DEBUG] [net.minecraftforge.registries.GameData/REGISTRIES]: Applying holder lookups: forge:display_contexts
[095月2026 10:23:21.064] [Render thread/DEBUG] [net.minecraftforge.registries.GameData/REGISTRIES]: Holder lookups applied: forge:display_contexts
[095月2026 10:23:21.064] [Render thread/DEBUG] [net.minecraftforge.registries.GameData/REGISTRIES]: Applying holder lookups: forge:entity_data_serializers
[095月2026 10:23:21.064] [Render thread/DEBUG] [net.minecraftforge.registries.GameData/REGISTRIES]: Holder lookups applied: forge:entity_data_serializers
[095月2026 10:23:21.069] [Render thread/DEBUG] [net.minecraftforge.registries.GameData/REGISTRIES]: Applying holder lookups: forge:fluid_type
[095月2026 10:23:21.069] [Render thread/DEBUG] [net.minecraftforge.registries.GameData/REGISTRIES]: Holder lookups applied: forge:fluid_type
[095月2026 10:23:21.071] [Render thread/DEBUG] [net.minecraftforge.registries.GameData/REGISTRIES]: Applying holder lookups: forge:global_loot_modifier_serializers
[095月2026 10:23:21.071] [Render thread/DEBUG] [net.minecraftforge.registries.GameData/REGISTRIES]: Holder lookups applied: forge:global_loot_modifier_serializers
[095月2026 10:23:21.076] [Render thread/DEBUG] [net.minecraftforge.registries.GameData/REGISTRIES]: Applying holder lookups: forge:holder_set_type
[095月2026 10:23:21.076] [Render thread/DEBUG] [net.minecraftforge.registries.GameData/REGISTRIES]: Holder lookups applied: forge:holder_set_type
[095月2026 10:23:21.076] [Render thread/DEBUG] [net.minecraftforge.registries.GameData/REGISTRIES]: Applying holder lookups: forge:structure_modifier_serializers
[095月2026 10:23:21.076] [Render thread/DEBUG] [net.minecraftforge.registries.GameData/REGISTRIES]: Holder lookups applied: forge:structure_modifier_serializers
[095月2026 10:23:21.077] [Render thread/DEBUG] [net.minecraftforge.registries.GameData/REGISTRIES]: Applying holder lookups: minecraft:worldgen/biome
[095月2026 10:23:21.077] [Render thread/DEBUG] [net.minecraftforge.registries.GameData/REGISTRIES]: Holder lookups applied: minecraft:worldgen/biome
[095月2026 10:23:21.078] [Render thread/DEBUG] [mixin/]: Mixing perf.faster_ingredients.ForgeHooksMixin from modernfix-modernfix.mixins.json into net.minecraftforge.common.ForgeHooks
[095月2026 10:23:21.099] [Render thread/DEBUG] [mixin/]: Mixing perf.attribute_supplier_dedup.AttributeSupplierBuilderMixin from modernfix-modernfix.mixins.json into net.minecraft.world.entity.ai.attributes.AttributeSupplier$Builder
[095月2026 10:23:21.099] [Render thread/DEBUG] [mixin/]: Renaming synthetic method lambda$deduplicateInstances$0(Lnet/minecraft/world/entity/ai/attributes/Attribute;Lnet/minecraft/world/entity/ai/attributes/AttributeInstance;)Lnet/minecraft/world/entity/ai/attributes/AttributeInstance; to mdedb9e6$lambda$deduplicateInstances$0$0 in modernfix-modernfix.mixins.json:perf.attribute_supplier_dedup.AttributeSupplierBuilderMixin
[095月2026 10:23:21.132] [Render thread/WARN] [net.minecraft.network.syncher.SynchedEntityData/]: defineId called for: class net.minecraft.world.entity.player.Player from class yesman.epicfight.world.capabilities.entitypatch.player.PlayerPatch
[095月2026 10:23:21.154] [Render thread/WARN] [net.minecraft.network.syncher.SynchedEntityData/]: defineId called for: class net.minecraft.world.entity.boss.wither.WitherBoss from class yesman.epicfight.world.capabilities.entitypatch.boss.WitherPatch
[095月2026 10:23:21.154] [Render thread/WARN] [net.minecraft.network.syncher.SynchedEntityData/]: defineId called for: class net.minecraft.world.entity.boss.wither.WitherBoss from class yesman.epicfight.world.capabilities.entitypatch.boss.WitherPatch
[095月2026 10:23:21.154] [Render thread/WARN] [net.minecraft.network.syncher.SynchedEntityData/]: defineId called for: class net.minecraft.world.entity.boss.wither.WitherBoss from class yesman.epicfight.world.capabilities.entitypatch.boss.WitherPatch
[095月2026 10:23:21.154] [Render thread/WARN] [net.minecraft.network.syncher.SynchedEntityData/]: defineId called for: class net.minecraft.world.entity.boss.wither.WitherBoss from class yesman.epicfight.world.capabilities.entitypatch.boss.WitherPatch
[095月2026 10:23:21.155] [Render thread/WARN] [net.minecraft.network.syncher.SynchedEntityData/]: defineId called for: class net.minecraft.world.entity.boss.wither.WitherBoss from class yesman.epicfight.world.capabilities.entitypatch.boss.WitherPatch
[095月2026 10:23:21.155] [Render thread/WARN] [net.minecraft.network.syncher.SynchedEntityData/]: defineId called for: class net.minecraft.world.entity.boss.wither.WitherBoss from class yesman.epicfight.world.capabilities.entitypatch.boss.WitherPatch
[095月2026 10:23:21.155] [Render thread/WARN] [net.minecraft.network.syncher.SynchedEntityData/]: defineId called for: class net.minecraft.world.entity.boss.wither.WitherBoss from class yesman.epicfight.world.capabilities.entitypatch.boss.WitherPatch
[095月2026 10:23:21.155] [Render thread/WARN] [net.minecraft.network.syncher.SynchedEntityData/]: defineId called for: class net.minecraft.world.entity.boss.wither.WitherBoss from class yesman.epicfight.world.capabilities.entitypatch.boss.WitherPatch
[095月2026 10:23:21.155] [Render thread/WARN] [net.minecraft.network.syncher.SynchedEntityData/]: defineId called for: class net.minecraft.world.entity.boss.wither.WitherBoss from class yesman.epicfight.world.capabilities.entitypatch.boss.WitherPatch
[095月2026 10:23:21.191] [Render thread/DEBUG] [ModernFix/]: Removed 3818 redundant object holders
[095月2026 10:23:21.295] [Render thread/DEBUG] [mixin/]: Mixing perf.resourcepacks.ForgePathPackResourcesMixin from modernfix-modernfix.mixins.json into net.minecraftforge.resource.PathPackResources
[095月2026 10:23:21.296] [Render thread/DEBUG] [mixin/]: Renaming synthetic method lambda$generateResourceCache$0(Lnet/minecraft/server/packs/PackType;)Ljava/nio/file/Path; to mdedb9e6$lambda$generateResourceCache$0$0 in modernfix-modernfix.mixins.json:perf.resourcepacks.ForgePathPackResourcesMixin
[095月2026 10:23:21.334] [Render thread/DEBUG] [net.minecraftforge.client.loading.ClientModLoader/CORE]: Generating PackInfo named mod:moonlight for mod file C:\Users\19810\.gradle\caches\forge_gradle\deobf_dependencies\curse\maven\selene-499980\7664875_mapped_parchment_2023.09.03-1.20.1\selene-499980-7664875_mapped_parchment_2023.09.03-1.20.1.jar
[095月2026 10:23:21.334] [Render thread/DEBUG] [net.minecraftforge.client.loading.ClientModLoader/CORE]: Generating PackInfo named mod:mixinsquared for mod file 
[095月2026 10:23:21.335] [Render thread/DEBUG] [net.minecraftforge.client.loading.ClientModLoader/CORE]: Generating PackInfo named mod:ferritecore for mod file C:\Users\19810\.gradle\caches\forge_gradle\deobf_dependencies\curse\maven\ferritecore-429235\4810975_mapped_parchment_2023.09.03-1.20.1\ferritecore-429235-4810975_mapped_parchment_2023.09.03-1.20.1.jar
[095月2026 10:23:21.335] [Render thread/DEBUG] [net.minecraftforge.client.loading.ClientModLoader/CORE]: Generating PackInfo named mod:ldlib for mod file C:\Users\19810\.gradle\caches\forge_gradle\deobf_dependencies\curse\maven\ldlib-626676\7652228_mapped_parchment_2023.09.03-1.20.1\ldlib-626676-7652228_mapped_parchment_2023.09.03-1.20.1.jar
[095月2026 10:23:21.335] [Render thread/DEBUG] [net.minecraftforge.client.loading.ClientModLoader/CORE]: Generating PackInfo named mod:photon for mod file C:\Users\19810\.gradle\caches\forge_gradle\deobf_dependencies\curse\maven\photon-871522\7501597_mapped_parchment_2023.09.03-1.20.1\photon-871522-7501597_mapped_parchment_2023.09.03-1.20.1.jar
[095月2026 10:23:21.335] [Render thread/DEBUG] [net.minecraftforge.client.loading.ClientModLoader/CORE]: Generating PackInfo named mod:forge for mod file /
[095月2026 10:23:21.335] [Render thread/DEBUG] [net.minecraftforge.client.loading.ClientModLoader/CORE]: Generating PackInfo named mod:dummmmmmy for mod file C:\Users\19810\.gradle\caches\forge_gradle\deobf_dependencies\curse\maven\mmmmmmmmmmmm-225738\6860192_mapped_parchment_2023.09.03-1.20.1\mmmmmmmmmmmm-225738-6860192_mapped_parchment_2023.09.03-1.20.1.jar
[095月2026 10:23:21.335] [Render thread/DEBUG] [net.minecraftforge.client.loading.ClientModLoader/CORE]: Generating PackInfo named mod:epicfight for mod file C:\Users\19810\.gradle\caches\forge_gradle\deobf_dependencies\curse\maven\epic-fight-mod-405076\8049910_mapped_parchment_2023.09.03-1.20.1\epic-fight-mod-405076-8049910_mapped_parchment_2023.09.03-1.20.1.jar
[095月2026 10:23:21.336] [Render thread/DEBUG] [net.minecraftforge.client.loading.ClientModLoader/CORE]: Generating PackInfo named mod:modernfix for mod file C:\Users\19810\.gradle\caches\forge_gradle\deobf_dependencies\curse\maven\modernfix-790626\8050207_mapped_parchment_2023.09.03-1.20.1\modernfix-790626-8050207_mapped_parchment_2023.09.03-1.20.1.jar
[095月2026 10:23:21.337] [Render thread/DEBUG] [net.minecraftforge.client.loading.ClientModLoader/CORE]: Generating PackInfo named mod:photon_or_epicfight for mod file D:\game\bag\endless\photon or epicfight\build\resources\main
[095月2026 10:23:21.346] [Render thread/DEBUG] [mixin/]: Mixing ClientLanguagesMixin from moonlight-common.mixins.json into net.minecraft.client.resources.language.ClientLanguage
[095月2026 10:23:21.347] [Render thread/DEBUG] [mixin/]: Renaming synthetic method lambda$addEntries$0(Lnet/mehvahdjukaar/moonlight/api/events/AfterLanguageLoadEvent;Lnet/mehvahdjukaar/moonlight/api/set/BlockTypeRegistry;)V to mdedb9e6$lambda$addEntries$0$0 in moonlight-common.mixins.json:ClientLanguagesMixin
[095月2026 10:23:21.347] [Render thread/DEBUG] [mixin/]: Mixing LanguageMixin from ldlib-common.mixins.json into net.minecraft.client.resources.language.ClientLanguage
[095月2026 10:23:21.361] [Render thread/DEBUG] [mixin/]: Mixing DynamicTextureMixin from moonlight-common.mixins.json into net.minecraft.client.renderer.texture.DynamicTexture
[095月2026 10:23:21.378] [Render thread/DEBUG] [mixin/]: Mixing perf.cache_profile_texture_url.SkinManagerMixin from modernfix-modernfix.mixins.json into net.minecraft.client.resources.SkinManager
[095月2026 10:23:21.388] [Render thread/DEBUG] [mixin/]: Mixing bugfix.removed_dimensions.LevelStorageSourceMixin from modernfix-modernfix.mixins.json into net.minecraft.world.level.storage.LevelStorageSource
[095月2026 10:23:21.619] [Render thread/DEBUG] [mixin/]: Mixing BlockModelShaperMixin from ldlib-common.mixins.json into net.minecraft.client.renderer.block.BlockModelShaper
[095月2026 10:23:21.624] [Render thread/DEBUG] [mixin/]: Mixing BlockEntityRendererDispatcherMixin from ldlib-common.mixins.json into net.minecraft.client.renderer.blockentity.BlockEntityRenderDispatcher
[095月2026 10:23:21.630] [Render thread/DEBUG] [mixin/]: Mixing BlockRenderDispatcherMixin from ldlib.mixins.json into net.minecraft.client.renderer.block.BlockRenderDispatcher
[095月2026 10:23:21.653] [Render thread/DEBUG] [mixin/]: Mixing perf.potential_spawns_alloc.ForgeEventFactoryMixin from modernfix-modernfix.mixins.json into net.minecraftforge.event.ForgeEventFactory
[095月2026 10:23:21.668] [Render thread/DEBUG] [mixin/]: Mixing perf.potential_spawns_alloc.PotentialSpawnsMixin from modernfix-modernfix.mixins.json into net.minecraftforge.event.level.LevelEvent$PotentialSpawns
[095月2026 10:23:21.700] [Render thread/DEBUG] [mixin/]: Mixing perf.model_optimizations.TransformationMatrixMixin from modernfix-modernfix.mixins.json into com.mojang.math.Transformation
[095月2026 10:23:21.716] [Render thread/DEBUG] [mixin/]: Mixing ItemInHandRendererMixin from moonlight-common.mixins.json into net.minecraft.client.renderer.ItemInHandRenderer
[095月2026 10:23:21.739] [Finalizer/WARN] [ModernFix/]: One or more BufferBuilders have been leaked, ModernFix will attempt to correct this.
[095月2026 10:23:21.743] [Render thread/DEBUG] [mixin/]: Mixing MapRendererMixin from moonlight-common.mixins.json into net.minecraft.client.gui.MapRenderer
[095月2026 10:23:21.749] [Render thread/DEBUG] [mixin/]: Mixing client.MixinLightTexture from mixins.epicfight.json into net.minecraft.client.renderer.LightTexture
[095月2026 10:23:21.856] [Render thread/DEBUG] [mixin/]: Mixing perf.thread_priorities.IntegratedServerMixin from modernfix-modernfix.mixins.json into net.minecraft.client.server.IntegratedServer
[095月2026 10:23:21.856] [Render thread/DEBUG] [mixin/]: Mixing perf.suspend_integrated_server_during_load.IntegratedServerMixin from modernfix-modernfix.mixins.json into net.minecraft.client.server.IntegratedServer
[095月2026 10:23:21.899] [Render thread/INFO] [net.minecraftforge.gametest.ForgeGameTestHooks/]: Enabled Gametest Namespaces: [photon_or_epicfight]
[095月2026 10:23:21.921] [Render thread/DEBUG] [mixin/]: Mixing ThirdPersonRendererMixin from moonlight-common.mixins.json into net.minecraft.client.model.HumanoidModel
[095月2026 10:23:21.931] [Render thread/DEBUG] [mixin/]: Mixing client.MixinAgeableListModel from mixins.epicfight.json into net.minecraft.client.model.AgeableListModel
[095月2026 10:23:21.940] [Render thread/DEBUG] [mixin/]: Mixing bugfix.entity_pose_stack.PlayerRendererMixin from modernfix-modernfix.mixins.json into net.minecraft.client.renderer.entity.player.PlayerRenderer
[095月2026 10:23:21.999] [Render thread/DEBUG] [mixin/]: Mixing client.MixinThrownTridentRenderer from mixins.epicfight.json into net.minecraft.client.renderer.entity.ThrownTridentRenderer
[095月2026 10:23:22.031] [Render thread/DEBUG] [mixin/]: Mixing bugfix.extra_experimental_screen.CreateWorldScreenMixin from modernfix-modernfix.mixins.json into net.minecraft.client.gui.screens.worldselection.CreateWorldScreen
[095月2026 10:23:22.032] [Render thread/DEBUG] [mixin/]: Mixing perf.dedicated_reload_executor.CreateWorldScreenMixin from modernfix-modernfix.mixins.json into net.minecraft.client.gui.screens.worldselection.CreateWorldScreen
[095月2026 10:23:22.059] [Render thread/DEBUG] [mixin/]: Mixing accessor.BlendModeAccessor from photon-common.mixins.json into com.mojang.blaze3d.shaders.BlendMode
[095月2026 10:23:22.059] [Render thread/DEBUG] [mixin/]: Renaming @Accessor method getLastApplied()Lcom/mojang/blaze3d/shaders/BlendMode; to getLastApplied_$md$edb9e6$0 in photon-common.mixins.json:accessor.BlendModeAccessor
[095月2026 10:23:22.060] [Render thread/DEBUG] [mixin/]: Renaming @Accessor method setLastApplied(Lcom/mojang/blaze3d/shaders/BlendMode;)V to setLastApplied_$md$edb9e6$1 in photon-common.mixins.json:accessor.BlendModeAccessor
[095月2026 10:23:22.081] [Render thread/DEBUG] [mixin/]: Mixing feature.remove_telemetry.ClientTelemetryManagerMixin from modernfix-modernfix.mixins.json into net.minecraft.client.telemetry.ClientTelemetryManager
[095月2026 10:23:22.091] [Render thread/DEBUG] [mixin/]: Mixing feature.suppress_narrator_stacktrace.GameNarratorMixin from modernfix-modernfix.mixins.json into net.minecraft.client.GameNarrator
[095月2026 10:23:22.132] [Render thread/INFO] [net.minecraft.server.packs.resources.ReloadableResourceManager/]: Reloading ResourceManager: vanilla, mod_resources, Moonlight Mods Dynamic Assets, ldlib
[095月2026 10:23:22.144] [Render thread/DEBUG] [ModernFix/]: Generated cache for /assets in 4.828 ms
[095月2026 10:23:22.148] [Worker-ResourceReload-0/INFO] [Moonlight/]: Starting runtime resource generation for pack type CLIENT_RESOURCES with generators from mods [moonlight, moonlight]: [net.mehvahdjukaar.moonlight.core.MoonlightClient$MLDynamicClientResources@3bb56fe1]
[095月2026 10:23:22.148] [Worker-ResourceReload-0/INFO] [Moonlight/]: Generating runtime assets for pack Moonlight Mods Dynamic Assets (moonlight)
[095月2026 10:23:22.155] [Worker-ResourceReload-0/INFO] [Moonlight/]: Generated runtime CLIENT_RESOURCES for pack Moonlight Mods Dynamic Assets (moonlight) in: 5 ms (debug resource dump on) (multithreaded)
[095月2026 10:23:22.155] [Worker-ResourceReload-0/INFO] [Moonlight/]: Finished runtime resources generation for 2 packs in a total of 6 ms
[095月2026 10:23:22.168] [Render thread/DEBUG] [mixin/]: Mixing feature.measure_time.SimpleReloadInstanceMixin from modernfix-modernfix.mixins.json into net.minecraft.server.packs.resources.SimpleReloadInstance
[095月2026 10:23:22.173] [Render thread/DEBUG] [mixin/]: Mixing feature.measure_time.ProfiledReloadInstanceMixin from modernfix-modernfix.mixins.json into net.minecraft.server.packs.resources.ProfiledReloadInstance
[095月2026 10:23:22.174] [Render thread/DEBUG] [mixin/]: Renaming synthetic method lambda$sortStates$0(Lnet/minecraft/server/packs/resources/ProfiledReloadInstance$State;)J to mdedb9e6$lambda$sortStates$0$0 in modernfix-modernfix.mixins.json:feature.measure_time.ProfiledReloadInstanceMixin
[095月2026 10:23:22.187] [modloading-worker-0/DEBUG] [net.minecraftforge.fml.config.ConfigTracker/CONFIG]: Loading configs type CLIENT
[095月2026 10:23:22.188] [modloading-worker-0/DEBUG] [net.minecraftforge.fml.config.ConfigFileTypeHandler/CONFIG]: Built TOML config for D:\game\bag\endless\photon or epicfight\run\config\epicfight-client.toml
[095月2026 10:23:22.190] [modloading-worker-0/DEBUG] [net.minecraftforge.fml.config.ConfigFileTypeHandler/CONFIG]: Loaded TOML config file D:\game\bag\endless\photon or epicfight\run\config\epicfight-client.toml
[095月2026 10:23:22.194] [modloading-worker-0/DEBUG] [net.minecraftforge.fml.config.ConfigFileTypeHandler/CONFIG]: Watching TOML config file D:\game\bag\endless\photon or epicfight\run\config\epicfight-client.toml for changes
[095月2026 10:23:22.200] [Worker-ResourceReload-0/DEBUG] [ModernFix/]: Generated cache for /assets in 6.344 ms
[095月2026 10:23:22.202] [modloading-worker-0/INFO] [epicfight/]: Epic Fight web server connection helper: Initialize
[095月2026 10:23:22.205] [Render thread/DEBUG] [ModernFix/]: Generated cache for /assets in 56.50 μs
[095月2026 10:23:22.205] [Render thread/DEBUG] [ModernFix/]: Generated cache for /assets in 14.00 μs
[095月2026 10:23:22.213] [Render thread/DEBUG] [ModernFix/]: Generated cache for /assets in 7.616 ms
[095月2026 10:23:22.214] [Render thread/DEBUG] [ModernFix/]: Generated cache for /assets in 1.190 ms
[095月2026 10:23:22.217] [Render thread/DEBUG] [ModernFix/]: Generated cache for /assets in 2.613 ms
[095月2026 10:23:22.284] [Worker-ResourceReload-0/DEBUG] [ModernFix/]: Generated cache for /assets in 84.32 ms
[095月2026 10:23:22.286] [Worker-ResourceReload-10/DEBUG] [ModernFix/]: Generated cache for /assets in 985.0 μs
[095月2026 10:23:22.290] [Worker-ResourceReload-10/DEBUG] [ModernFix/]: Generated cache for /assets in 3.729 ms
[095月2026 10:23:22.305] [Worker-ResourceReload-8/DEBUG] [mixin/]: Mixing perf.compress_unihex_font.GlyphProviderTypeMixin from modernfix-modernfix.mixins.json into net.minecraft.client.gui.font.providers.GlyphProviderType
[095月2026 10:23:22.311] [modloading-worker-0/INFO] [epicfight/]: Epic Fight web server connection helper: supported
[095月2026 10:23:22.312] [modloading-worker-0/INFO] [epicfight/]: Epic Fight web server status: Failed at initializing Authentication provider: java.lang.ClassNotFoundException: yesman.epicfight.epicskins.user.AuthenticationHelperImpl
[095月2026 10:23:22.317] [modloading-worker-0/DEBUG] [net.minecraftforge.fml.config.ConfigFileTypeHandler/CONFIG]: Built TOML config for D:\game\bag\endless\photon or epicfight\run\config\dummmmmmy-client.toml
[095月2026 10:23:22.318] [modloading-worker-0/DEBUG] [net.minecraftforge.fml.config.ConfigFileTypeHandler/CONFIG]: Loaded TOML config file D:\game\bag\endless\photon or epicfight\run\config\dummmmmmy-client.toml
[095月2026 10:23:22.318] [modloading-worker-0/DEBUG] [net.minecraftforge.fml.config.ConfigFileTypeHandler/CONFIG]: Watching TOML config file D:\game\bag\endless\photon or epicfight\run\config\dummmmmmy-client.toml for changes
[095月2026 10:23:22.320] [modloading-worker-0/DEBUG] [net.minecraftforge.fml.config.ConfigFileTypeHandler/CONFIG]: Built TOML config for D:\game\bag\endless\photon or epicfight\run\config\forge-client.toml
[095月2026 10:23:22.321] [modloading-worker-0/DEBUG] [net.minecraftforge.fml.config.ConfigFileTypeHandler/CONFIG]: Loaded TOML config file D:\game\bag\endless\photon or epicfight\run\config\forge-client.toml
[095月2026 10:23:22.321] [modloading-worker-0/DEBUG] [net.minecraftforge.fml.config.ConfigFileTypeHandler/CONFIG]: Watching TOML config file D:\game\bag\endless\photon or epicfight\run\config\forge-client.toml for changes
[095月2026 10:23:22.322] [modloading-worker-0/DEBUG] [net.minecraftforge.common.ForgeConfig/FORGEMOD]: Loaded forge config file forge-client.toml
[095月2026 10:23:22.324] [modloading-worker-0/DEBUG] [net.minecraftforge.fml.config.ConfigFileTypeHandler/CONFIG]: Built TOML config for D:\game\bag\endless\photon or epicfight\run\config\moonlight-client.toml
[095月2026 10:23:22.324] [modloading-worker-0/DEBUG] [net.minecraftforge.fml.config.ConfigFileTypeHandler/CONFIG]: Loaded TOML config file D:\game\bag\endless\photon or epicfight\run\config\moonlight-client.toml
[095月2026 10:23:22.325] [modloading-worker-0/DEBUG] [net.minecraftforge.fml.config.ConfigFileTypeHandler/CONFIG]: Watching TOML config file D:\game\bag\endless\photon or epicfight\run\config\moonlight-client.toml for changes
[095月2026 10:23:22.325] [Render thread/DEBUG] [mixin/]: Mixing SimpleBakedModelMixin from ferritecore.modelsides.mixin.json into net.minecraft.client.resources.model.SimpleBakedModel
[095月2026 10:23:22.326] [modloading-worker-0/DEBUG] [net.minecraftforge.fml.config.ConfigTracker/CONFIG]: Loading configs type COMMON
[095月2026 10:23:22.326] [modloading-worker-0/DEBUG] [net.minecraftforge.fml.config.ConfigFileTypeHandler/CONFIG]: Built TOML config for D:\game\bag\endless\photon or epicfight\run\config\moonlight-common.toml
[095月2026 10:23:22.326] [modloading-worker-0/DEBUG] [net.minecraftforge.fml.config.ConfigFileTypeHandler/CONFIG]: Loaded TOML config file D:\game\bag\endless\photon or epicfight\run\config\moonlight-common.toml
[095月2026 10:23:22.326] [modloading-worker-0/DEBUG] [net.minecraftforge.fml.config.ConfigFileTypeHandler/CONFIG]: Watching TOML config file D:\game\bag\endless\photon or epicfight\run\config\moonlight-common.toml for changes
[095月2026 10:23:22.330] [modloading-worker-0/DEBUG] [net.minecraftforge.fml.config.ConfigFileTypeHandler/CONFIG]: Built TOML config for D:\game\bag\endless\photon or epicfight\run\config\modernfix-common.toml
[095月2026 10:23:22.330] [modloading-worker-0/DEBUG] [net.minecraftforge.fml.config.ConfigFileTypeHandler/CONFIG]: Loaded TOML config file D:\game\bag\endless\photon or epicfight\run\config\modernfix-common.toml
[095月2026 10:23:22.331] [modloading-worker-0/DEBUG] [net.minecraftforge.fml.config.ConfigFileTypeHandler/CONFIG]: Watching TOML config file D:\game\bag\endless\photon or epicfight\run\config\modernfix-common.toml for changes
[095月2026 10:23:22.332] [modloading-worker-0/DEBUG] [net.minecraftforge.fml.config.ConfigFileTypeHandler/CONFIG]: Built TOML config for D:\game\bag\endless\photon or epicfight\run\config\epicfight-common.toml
[095月2026 10:23:22.332] [modloading-worker-0/DEBUG] [net.minecraftforge.fml.config.ConfigFileTypeHandler/CONFIG]: Loaded TOML config file D:\game\bag\endless\photon or epicfight\run\config\epicfight-common.toml
[095月2026 10:23:22.332] [modloading-worker-0/DEBUG] [net.minecraftforge.fml.config.ConfigFileTypeHandler/CONFIG]: Watching TOML config file D:\game\bag\endless\photon or epicfight\run\config\epicfight-common.toml for changes
[095月2026 10:23:22.334] [modloading-worker-0/DEBUG] [net.minecraftforge.fml.config.ConfigFileTypeHandler/CONFIG]: Built TOML config for D:\game\bag\endless\photon or epicfight\run\config\dummmmmmy-common.toml
[095月2026 10:23:22.335] [modloading-worker-0/DEBUG] [net.minecraftforge.fml.config.ConfigFileTypeHandler/CONFIG]: Loaded TOML config file D:\game\bag\endless\photon or epicfight\run\config\dummmmmmy-common.toml
[095月2026 10:23:22.335] [modloading-worker-0/DEBUG] [net.minecraftforge.fml.config.ConfigFileTypeHandler/CONFIG]: Watching TOML config file D:\game\bag\endless\photon or epicfight\run\config\dummmmmmy-common.toml for changes
[095月2026 10:23:22.344] [Worker-ResourceReload-7/DEBUG] [ModernFix/]: Cleared 208 object holder stacktrace references
[095月2026 10:23:22.355] [Forge Version Check/INFO] [net.minecraftforge.fml.VersionChecker/]: [moonlight] Starting version check at https://api.modrinth.com/updates/moonlight/forge_updates.json
[095月2026 10:23:22.380] [Worker-ResourceReload-6/DEBUG] [mixin/]: Mixing SpriteResourceLoaderMixin from ldlib-common.mixins.json into net.minecraft.client.renderer.texture.atlas.SpriteResourceLoader
[095月2026 10:23:22.514] [Worker-ResourceReload-7/DEBUG] [mixin/]: Mixing perf.faster_texture_stitching.StitcherMixin from modernfix-modernfix.mixins.json into net.minecraft.client.renderer.texture.Stitcher
[095月2026 10:23:22.515] [Render thread/DEBUG] [net.minecraftforge.fml.DeferredWorkQueue/LOADING]: Dispatching synchronous work for work queue COMMON_SETUP: 16 jobs
[095月2026 10:23:22.515] [Worker-ResourceReload-7/DEBUG] [mixin/]: Renaming synthetic method lambda$stitchFast$0(Lnet/minecraft/client/renderer/texture/Stitcher$Holder;)Lnet/minecraft/client/renderer/texture/Stitcher$Entry; to mdedb9e6$lambda$stitchFast$0$0 in modernfix-modernfix.mixins.json:perf.faster_texture_stitching.StitcherMixin
[095月2026 10:23:22.543] [Worker-ResourceReload-0/INFO] [net.minecraft.client.gui.font.providers.UnihexProvider/]: Found unifont_all_no_pua-15.0.06.hex, loading
[095月2026 10:23:22.572] [Render thread/INFO] [Moonlight/]: Initialized color sets in 56ms
[095月2026 10:23:22.592] [Worker-ResourceReload-0/DEBUG] [mixin/]: Mixing perf.compress_unihex_font.UnihexProviderShortContentsMixin from modernfix-modernfix.mixins.json into net.minecraft.client.gui.font.providers.UnihexProvider$ShortContents
[095月2026 10:23:22.593] [Render thread/DEBUG] [ModernFix/]: Removed 0 redundant object holders
[095月2026 10:23:22.611] [Worker-ResourceReload-0/DEBUG] [mixin/]: Mixing perf.compress_unihex_font.UnihexProviderByteContentsMixin from modernfix-modernfix.mixins.json into net.minecraft.client.gui.font.providers.UnihexProvider$ByteContents
[095月2026 10:23:22.774] [Worker-ResourceReload-27/DEBUG] [mixin/]: Mixing perf.model_optimizations.MultiVariantMixin from modernfix-modernfix.mixins.json into net.minecraft.client.renderer.block.model.MultiVariant
[095月2026 10:23:22.783] [Worker-ResourceReload-27/DEBUG] [mixin/]: Mixing perf.model_optimizations.SelectorMixin from modernfix-modernfix.mixins.json into net.minecraft.client.renderer.block.model.multipart.Selector
[095月2026 10:23:22.832] [Render thread/DEBUG] [net.minecraftforge.fml.DeferredWorkQueue/LOADING]: Synchronous work queue completed in 317.5 ms
[095月2026 10:23:22.851] [Worker-ResourceReload-17/DEBUG] [mixin/]: Mixing ButtonAccessor from moonlight.mixins.json into net.minecraft.client.gui.components.Button
[095月2026 10:23:22.867] [Render thread/DEBUG] [net.minecraftforge.fml.DeferredWorkQueue/LOADING]: Dispatching synchronous work for work queue SIDED_SETUP: 5 jobs
[095月2026 10:23:22.872] [Render thread/WARN] [epicfight/]: [Computer Shader Acceleration] OpenGL Version: 4.6.0 NVIDIA 596.21
[095月2026 10:23:22.872] [Render thread/WARN] [epicfight/]: [Computer Shader Acceleration] Compute Shader: Supported
[095月2026 10:23:22.914] [Render thread/DEBUG] [LowDragLib/]: load shader FRAGMENT resource ldlib:image success
[095月2026 10:23:22.914] [Render thread/DEBUG] [LowDragLib/]: load shader VERTEX resource ldlib:image success
[095月2026 10:23:22.914] [Render thread/DEBUG] [LowDragLib/]: load shader VERTEX resource ldlib:gui_image success
[095月2026 10:23:22.914] [Render thread/DEBUG] [LowDragLib/]: load shader VERTEX resource ldlib:screen success
[095月2026 10:23:22.916] [Render thread/DEBUG] [LowDragLib/]: load shader FRAGMENT resource ldlib:round success
[095月2026 10:23:22.916] [Render thread/DEBUG] [LowDragLib/]: load shader FRAGMENT resource ldlib:panel_bg success
[095月2026 10:23:22.916] [Render thread/DEBUG] [LowDragLib/]: load shader FRAGMENT resource ldlib:round_box success
[095月2026 10:23:22.917] [Render thread/DEBUG] [LowDragLib/]: load shader FRAGMENT resource ldlib:progress_round_box success
[095月2026 10:23:22.918] [Render thread/DEBUG] [LowDragLib/]: load shader FRAGMENT resource ldlib:frame_round_box success
[095月2026 10:23:22.918] [Worker-ResourceReload-27/DEBUG] [mixin/]: Mixing KeyValueConditionMixin from ferritecore.predicates.mixin.json into net.minecraft.client.renderer.block.model.multipart.KeyValueCondition
[095月2026 10:23:22.918] [Render thread/DEBUG] [LowDragLib/]: load shader FRAGMENT resource ldlib:round_line success
[095月2026 10:23:22.923] [Worker-ResourceReload-27/DEBUG] [mixin/]: Mixing AndConditionMixin from ferritecore.predicates.mixin.json into net.minecraft.client.renderer.block.model.multipart.AndCondition
[095月2026 10:23:22.950] [Worker-ResourceReload-27/DEBUG] [mixin/]: Mixing OrConditionMixin from ferritecore.predicates.mixin.json into net.minecraft.client.renderer.block.model.multipart.OrCondition
[095月2026 10:23:22.993] [Render thread/DEBUG] [mixin/]: Mixing safety.ItemPropertiesMixin from modernfix-modernfix.mixins.json into net.minecraft.client.renderer.item.ItemProperties
[095月2026 10:23:23.018] [Render thread/DEBUG] [net.minecraftforge.fml.DeferredWorkQueue/LOADING]: Synchronous work queue completed in 151.6 ms
[095月2026 10:23:23.194] [Worker-ResourceReload-27/DEBUG] [mixin/]: Mixing ModelBakerImplMixin from ldlib.mixins.json into net.minecraft.client.resources.model.ModelBakery$ModelBakerImpl
[095月2026 10:23:23.202] [Worker-ResourceReload-27/DEBUG] [mixin/]: Mixing MixinMultipartBuilder from ferritecore.dedupmultipart.mixin.json into net.minecraft.client.resources.model.MultiPartBakedModel$Builder
[095月2026 10:23:23.214] [Worker-ResourceReload-27/DEBUG] [mixin/]: Mixing SimpleModelBuilderMixin from ferritecore.dedupbakedquad.mixin.json into net.minecraft.client.resources.model.SimpleBakedModel$Builder
[095月2026 10:23:23.228] [Worker-ResourceReload-27/DEBUG] [mixin/]: Mixing BakedQuadAccess from ferritecore.dedupbakedquad.mixin.json into net.minecraft.client.renderer.block.model.BakedQuad
[095月2026 10:23:23.242] [Worker-ResourceReload-27/DEBUG] [mixin/]: Mixing MixinMultipartModel from ferritecore.dedupmultipart.mixin.json into net.minecraft.client.resources.model.MultiPartBakedModel
[095月2026 10:23:23.580] [Worker-ResourceReload-27/WARN] [net.minecraft.client.resources.model.ModelManager/]: Missing textures in model ldlib:block/vis_relay:
    minecraft:textures/atlas/blocks.png:thaumcraft:blocks/vis_relay
[095月2026 10:23:23.581] [Worker-ResourceReload-27/WARN] [net.minecraft.client.resources.model.ModelManager/]: Missing textures in model ldlib:block/crystal:
    minecraft:textures/atlas/blocks.png:thaumcraft:blocks/crystal
[095月2026 10:23:23.581] [Worker-ResourceReload-27/WARN] [net.minecraft.client.resources.model.ModelManager/]: Missing textures in model ldlib:block/pillar:
    minecraft:textures/atlas/blocks.png:thaumcraft:blocks/pillar
[095月2026 10:23:23.581] [Forge Version Check/DEBUG] [net.minecraftforge.fml.VersionChecker/]: [moonlight] Received version check data:
{"homepage":"https://modrinth.com/mod/moonlight","promos":{"1.19.4-latest":"1.19.4-2.4.15","1.20.4-latest":"forge_1.20.4-2.9.9","1.19.1-latest":"1.19.2-2.1.9","1.18.1-recommended":"1.18.2-1.17.17","1.18.1-latest":"1.18.2-1.17.17","1.18.2-recommended":"1.18.2-1.17.17","1.18.2-latest":"1.18.2-1.17.17","1.16.5-recommended":"1.9.0","1.18-latest":"1.18.2-1.17.17","1.20-recommended":"1.20-2.5.4","1.19.1-recommended":"1.19.2-2.1.9","1.18-recommended":"1.18.2-1.17.17","1.20.1-recommended":"1.20-2.16.31-forge","1.19.2-latest":"1.19.2-2.3.7","1.20.4-recommended":"forge_1.20.4-2.9.9","1.19.4-recommended":"1.19.4-2.4.15","1.20.1-latest":"1.20-2.16.31-forge","1.19.2-recommended":"1.19.2-2.3.7","1.20-latest":"1.20-2.5.4","1.16.5-latest":"1.9.0"}}
[095月2026 10:23:23.582] [Forge Version Check/INFO] [net.minecraftforge.fml.VersionChecker/]: [moonlight] Found status: OUTDATED Current: 1.20-2.16.28 Target: 1.20-2.16.31-forge
[095月2026 10:23:23.582] [Forge Version Check/INFO] [net.minecraftforge.fml.VersionChecker/]: [forge] Starting version check at https://files.minecraftforge.net/net/minecraftforge/forge/promotions_slim.json
[095月2026 10:23:23.880] [modloading-worker-0/DEBUG] [net.minecraftforge.registries.GameData/REGISTRIES]: Freezing registries
[095月2026 10:23:23.881] [modloading-worker-0/DEBUG] [net.minecraftforge.registries.ForgeRegistry/REGISTRIES]: Registry minecraft:block Sync: FROZEN -> ACTIVE
[095月2026 10:23:23.882] [modloading-worker-0/DEBUG] [net.minecraftforge.registries.ForgeRegistry/REGISTRIES]: Registry minecraft:fluid Sync: FROZEN -> ACTIVE
[095月2026 10:23:23.882] [modloading-worker-0/DEBUG] [net.minecraftforge.registries.ForgeRegistry/REGISTRIES]: Registry minecraft:item Sync: FROZEN -> ACTIVE
[095月2026 10:23:23.884] [modloading-worker-0/DEBUG] [net.minecraftforge.registries.ForgeRegistry/REGISTRIES]: Registry minecraft:mob_effect Sync: FROZEN -> ACTIVE
[095月2026 10:23:23.884] [modloading-worker-0/DEBUG] [net.minecraftforge.registries.ForgeRegistry/REGISTRIES]: Registry minecraft:sound_event Sync: FROZEN -> ACTIVE
[095月2026 10:23:23.894] [modloading-worker-0/DEBUG] [net.minecraftforge.registries.ForgeRegistry/REGISTRIES]: Registry minecraft:potion Sync: FROZEN -> ACTIVE
[095月2026 10:23:23.894] [modloading-worker-0/DEBUG] [net.minecraftforge.registries.ForgeRegistry/REGISTRIES]: Registry minecraft:enchantment Sync: FROZEN -> ACTIVE
[095月2026 10:23:23.894] [modloading-worker-0/DEBUG] [net.minecraftforge.registries.ForgeRegistry/REGISTRIES]: Registry minecraft:entity_type Sync: FROZEN -> ACTIVE
[095月2026 10:23:23.894] [modloading-worker-0/DEBUG] [net.minecraftforge.registries.ForgeRegistry/REGISTRIES]: Registry minecraft:block_entity_type Sync: FROZEN -> ACTIVE
[095月2026 10:23:23.895] [modloading-worker-0/DEBUG] [net.minecraftforge.registries.ForgeRegistry/REGISTRIES]: Registry minecraft:particle_type Sync: FROZEN -> ACTIVE
[095月2026 10:23:23.895] [modloading-worker-0/DEBUG] [net.minecraftforge.registries.ForgeRegistry/REGISTRIES]: Registry minecraft:menu Sync: FROZEN -> ACTIVE
[095月2026 10:23:23.895] [modloading-worker-0/DEBUG] [net.minecraftforge.registries.ForgeRegistry/REGISTRIES]: Registry minecraft:painting_variant Sync: FROZEN -> ACTIVE
[095月2026 10:23:23.895] [modloading-worker-0/DEBUG] [net.minecraftforge.registries.ForgeRegistry/REGISTRIES]: Registry minecraft:recipe_type Sync: FROZEN -> ACTIVE
[095月2026 10:23:23.895] [modloading-worker-0/DEBUG] [net.minecraftforge.registries.ForgeRegistry/REGISTRIES]: Registry minecraft:recipe_serializer Sync: FROZEN -> ACTIVE
[095月2026 10:23:23.895] [modloading-worker-0/DEBUG] [net.minecraftforge.registries.ForgeRegistry/REGISTRIES]: Registry minecraft:attribute Sync: FROZEN -> ACTIVE
[095月2026 10:23:23.895] [modloading-worker-0/DEBUG] [net.minecraftforge.registries.ForgeRegistry/REGISTRIES]: Registry minecraft:stat_type Sync: FROZEN -> ACTIVE
[095月2026 10:23:23.895] [modloading-worker-0/DEBUG] [net.minecraftforge.registries.ForgeRegistry/REGISTRIES]: Registry minecraft:command_argument_type Sync: FROZEN -> ACTIVE
[095月2026 10:23:23.895] [modloading-worker-0/DEBUG] [net.minecraftforge.registries.ForgeRegistry/REGISTRIES]: Registry minecraft:villager_profession Sync: FROZEN -> ACTIVE
[095月2026 10:23:23.895] [modloading-worker-0/DEBUG] [net.minecraftforge.registries.ForgeRegistry/REGISTRIES]: Registry minecraft:point_of_interest_type Sync: FROZEN -> ACTIVE
[095月2026 10:23:23.896] [modloading-worker-0/DEBUG] [net.minecraftforge.registries.ForgeRegistry/REGISTRIES]: Registry minecraft:memory_module_type Sync: FROZEN -> ACTIVE
[095月2026 10:23:23.896] [modloading-worker-0/DEBUG] [net.minecraftforge.registries.ForgeRegistry/REGISTRIES]: Registry minecraft:sensor_type Sync: FROZEN -> ACTIVE
[095月2026 10:23:23.896] [modloading-worker-0/DEBUG] [net.minecraftforge.registries.ForgeRegistry/REGISTRIES]: Registry minecraft:schedule Sync: FROZEN -> ACTIVE
[095月2026 10:23:23.896] [modloading-worker-0/DEBUG] [net.minecraftforge.registries.ForgeRegistry/REGISTRIES]: Registry minecraft:activity Sync: FROZEN -> ACTIVE
[095月2026 10:23:23.896] [modloading-worker-0/DEBUG] [net.minecraftforge.registries.ForgeRegistry/REGISTRIES]: Registry minecraft:worldgen/carver Sync: FROZEN -> ACTIVE
[095月2026 10:23:23.896] [modloading-worker-0/DEBUG] [net.minecraftforge.registries.ForgeRegistry/REGISTRIES]: Registry minecraft:worldgen/feature Sync: FROZEN -> ACTIVE
[095月2026 10:23:23.896] [modloading-worker-0/DEBUG] [net.minecraftforge.registries.ForgeRegistry/REGISTRIES]: Registry minecraft:chunk_status Sync: FROZEN -> ACTIVE
[095月2026 10:23:23.896] [modloading-worker-0/DEBUG] [net.minecraftforge.registries.ForgeRegistry/REGISTRIES]: Registry minecraft:worldgen/block_state_provider_type Sync: FROZEN -> ACTIVE
[095月2026 10:23:23.896] [modloading-worker-0/DEBUG] [net.minecraftforge.registries.ForgeRegistry/REGISTRIES]: Registry minecraft:worldgen/foliage_placer_type Sync: FROZEN -> ACTIVE
[095月2026 10:23:23.896] [modloading-worker-0/DEBUG] [net.minecraftforge.registries.ForgeRegistry/REGISTRIES]: Registry minecraft:worldgen/tree_decorator_type Sync: FROZEN -> ACTIVE
[095月2026 10:23:23.896] [modloading-worker-0/DEBUG] [net.minecraftforge.registries.ForgeRegistry/REGISTRIES]: Registry minecraft:worldgen/biome Sync: FROZEN -> ACTIVE
[095月2026 10:23:23.896] [modloading-worker-0/DEBUG] [net.minecraftforge.registries.ForgeRegistry/REGISTRIES]: Registry forge:entity_data_serializers Sync: FROZEN -> ACTIVE
[095月2026 10:23:23.896] [modloading-worker-0/DEBUG] [net.minecraftforge.registries.ForgeRegistry/REGISTRIES]: Registry forge:global_loot_modifier_serializers Sync: FROZEN -> ACTIVE
[095月2026 10:23:23.896] [modloading-worker-0/DEBUG] [net.minecraftforge.registries.ForgeRegistry/REGISTRIES]: Registry forge:biome_modifier_serializers Sync: FROZEN -> ACTIVE
[095月2026 10:23:23.896] [modloading-worker-0/DEBUG] [net.minecraftforge.registries.ForgeRegistry/REGISTRIES]: Registry forge:fluid_type Sync: FROZEN -> ACTIVE
[095月2026 10:23:23.896] [modloading-worker-0/DEBUG] [net.minecraftforge.registries.ForgeRegistry/REGISTRIES]: Registry forge:structure_modifier_serializers Sync: FROZEN -> ACTIVE
[095月2026 10:23:23.896] [modloading-worker-0/DEBUG] [net.minecraftforge.registries.ForgeRegistry/REGISTRIES]: Registry forge:holder_set_type Sync: FROZEN -> ACTIVE
[095月2026 10:23:23.896] [modloading-worker-0/DEBUG] [net.minecraftforge.registries.ForgeRegistry/REGISTRIES]: Registry forge:display_contexts Sync: FROZEN -> ACTIVE
[095月2026 10:23:23.896] [modloading-worker-0/DEBUG] [net.minecraftforge.registries.ForgeRegistry/REGISTRIES]: Registry epicfight:skill Sync: FROZEN -> ACTIVE
[095月2026 10:23:23.896] [modloading-worker-0/DEBUG] [net.minecraftforge.registries.ForgeRegistry/REGISTRIES]: Registry epicfight:conditions Sync: FROZEN -> ACTIVE
[095月2026 10:23:23.896] [modloading-worker-0/DEBUG] [net.minecraftforge.registries.ForgeRegistry/REGISTRIES]: Registry epicfight:skill_data_keys Sync: FROZEN -> ACTIVE
[095月2026 10:23:23.897] [modloading-worker-0/DEBUG] [net.minecraftforge.registries.ForgeRegistry/REGISTRIES]: Registry epicfight:synched_animation_variable_keys Sync: FROZEN -> ACTIVE
[095月2026 10:23:23.909] [modloading-worker-0/DEBUG] [mixin/]: Generating mapped inner class net/minecraft/world/level/levelgen/DebugLevelSource$Anonymous$e25472cf3fa247ae9b0fd73a68aa050b (originally org/embeddedt/modernfix/common/mixin/perf/forge_registry_alloc/DebugLevelSourceMixin$1)
[095月2026 10:23:23.922] [modloading-worker-0/INFO] [epicfight/]: Data keys [epicfight:basic_attack_active, epicfight:combo_counter] for epicfight:basic_attack
[095月2026 10:23:23.922] [modloading-worker-0/INFO] [epicfight/]: Data keys [epicfight:penalty, epicfight:penalty_restore_counter] for epicfight:guard
[095月2026 10:23:23.922] [modloading-worker-0/INFO] [epicfight/]: Data keys [epicfight:last_active, epicfight:penalty, epicfight:parry_motion_counter, epicfight:penalty_restore_counter] for epicfight:parrying
[095月2026 10:23:23.922] [modloading-worker-0/INFO] [epicfight/]: Data keys [epicfight:penalty, epicfight:penalty_restore_counter] for epicfight:impact_guard
[095月2026 10:23:23.922] [modloading-worker-0/INFO] [epicfight/]: Data keys [epicfight:tick_record, epicfight:stacks, epicfight:resisting_damage_type] for epicfight:adaptive_skin
[095月2026 10:23:23.922] [modloading-worker-0/INFO] [epicfight/]: Data keys [epicfight:tick_record] for epicfight:adrenaline_fiend
[095月2026 10:23:23.922] [modloading-worker-0/INFO] [epicfight/]: Data keys [epicfight:entity_id, epicfight:stacks] for epicfight:bonebreaker
[095月2026 10:23:23.922] [modloading-worker-0/INFO] [epicfight/]: Data keys [epicfight:tick_record, epicfight:entity_id] for epicfight:vengeance
[095月2026 10:23:23.922] [modloading-worker-0/INFO] [epicfight/]: Data keys [epicfight:slam_protect_next_fall, epicfight:fall_distance] for epicfight:meteor_slam
[095月2026 10:23:23.922] [modloading-worker-0/INFO] [epicfight/]: Data keys [epicfight:stacks] for epicfight:revelation
[095月2026 10:23:23.922] [modloading-worker-0/INFO] [epicfight/]: Data keys [epicfight:slam_protect_next_fall] for epicfight:demolition_leap
[095月2026 10:23:23.922] [modloading-worker-0/INFO] [epicfight/]: Data keys [epicfight:jump_key_pressed_last_tick, epicfight:slam_protect_next_fall, epicfight:jump_count] for epicfight:phantom_ascent
[095月2026 10:23:23.922] [modloading-worker-0/INFO] [epicfight/]: Data keys [epicfight:last_hit_count] for epicfight:grasping_spire
[095月2026 10:23:23.922] [modloading-worker-0/INFO] [epicfight/]: Data keys [epicfight:sheath] for epicfight:battojutsu_passive
[095月2026 10:23:23.922] [modloading-worker-0/INFO] [epicfight/]: Data keys [epicfight:sheath] for epicfight:battojutsu
[095月2026 10:23:23.922] [modloading-worker-0/INFO] [epicfight/]: Data keys [epicfight:combo_counter] for epicfight:blade_rush
[095月2026 10:23:23.922] [modloading-worker-0/INFO] [epicfight/]: Data keys [epicfight:thrown_trident_entity_id] for epicfight:everlasting_allegiance
[095月2026 10:23:23.923] [modloading-worker-0/DEBUG] [net.minecraftforge.registries.GameData/REGISTRIES]: All registries frozen
[095月2026 10:23:23.980] [Render thread/DEBUG] [net.minecraftforge.common.ForgeI18n/CORE]: Loading I18N data entries: 11266
[095月2026 10:23:23.994] [Render thread/WARN] [net.minecraft.client.sounds.SoundEngine/]: Missing sound for event: minecraft:item.goat_horn.play
[095月2026 10:23:23.995] [Render thread/WARN] [net.minecraft.client.sounds.SoundEngine/]: Missing sound for event: minecraft:entity.goat.screaming.horn_break
[095月2026 10:23:24.304] [Forge Version Check/DEBUG] [net.minecraftforge.fml.VersionChecker/]: [forge] Received version check data:
{
  "homepage": "https://files.minecraftforge.net/net/minecraftforge/forge/",
  "promos": {
    "1.1-latest": "1.3.4.29",
    "1.2.3-latest": "1.4.1.64",
    "1.2.4-latest": "2.0.0.68",
    "1.2.5-latest": "3.4.9.171",
    "1.3.2-latest": "4.3.5.318",
    "1.4.0-latest": "5.0.0.326",
    "1.4.1-latest": "6.0.0.329",
    "1.4.2-latest": "6.0.1.355",
    "1.4.3-latest": "6.2.1.358",
    "1.4.4-latest": "6.3.0.378",
    "1.4.5-latest": "6.4.2.448",
    "1.4.6-latest": "6.5.0.489",
    "1.4.7-latest": "6.6.2.534",
    "1.5-latest": "7.7.0.598",
    "1.5.1-latest": "7.7.2.682",
    "1.5.2-latest": "7.8.1.738",
    "1.5.2-recommended": "7.8.1.738",
    "1.6.1-latest": "8.9.0.775",
    "1.6.2-latest": "9.10.1.871",
    "1.6.2-recommended": "9.10.1.871",
    "1.6.3-latest": "9.11.0.878",
    "1.6.4-latest": "9.11.1.1345",
    "1.6.4-recommended": "9.11.1.1345",
    "1.7.2-latest": "10.12.2.1161",
    "1.7.2-recommended": "10.12.2.1161",
    "1.7.10-latest": "10.13.4.1614",
    "1.7.10-recommended": "10.13.4.1614",
    "1.8-latest": "11.14.4.1577",
    "1.8-recommended": "11.14.4.1563",
    "1.8.8-latest": "11.15.0.1655",
    "1.8.9-latest": "11.15.1.2318",
    "1.8.9-recommended": "11.15.1.2318",
    "1.9-latest": "12.16.1.1938",
    "1.9-recommended": "12.16.1.1887",
    "1.9.4-latest": "12.17.0.2317",
    "1.9.4-recommended": "12.17.0.2317",
    "1.10-latest": "12.18.0.2000",
    "1.10.2-latest": "12.18.3.2511",
    "1.10.2-recommended": "12.18.3.2511",
    "1.11-latest": "13.19.1.2199",
    "1.11-recommended": "13.19.1.2189",
    "1.11.2-latest": "13.20.1.2588",
    "1.11.2-recommended": "13.20.1.2588",
    "1.12-latest": "14.21.1.2443",
    "1.12-recommended": "14.21.1.2387",
    "1.12.1-latest": "14.22.1.2485",
    "1.12.1-recommended": "14.22.1.2478",
    "1.12.2-latest": "14.23.5.2864",
    "1.12.2-recommended": "14.23.5.2859",
    "1.13.2-latest": "25.0.223",
    "1.14.2-latest": "26.0.63",
    "1.14.3-latest": "27.0.60",
    "1.14.4-latest": "28.2.28",
    "1.14.4-recommended": "28.2.26",
    "1.15-latest": "29.0.4",
    "1.15.1-latest": "30.0.51",
    "1.15.2-latest": "31.2.60",
    "1.15.2-recommended": "31.2.57",
    "1.16.1-latest": "32.0.108",
    "1.16.2-latest": "33.0.61",
    "1.16.3-latest": "34.1.42",
    "1.16.3-recommended": "34.1.0",
    "1.16.4-latest": "35.1.37",
    "1.16.4-recommended": "35.1.4",
    "1.16.5-latest": "36.2.42",
    "1.16.5-recommended": "36.2.34",
    "1.17.1-latest": "37.1.1",
    "1.17.1-recommended": "37.1.1",
    "1.18-latest": "38.0.17",
    "1.18.1-latest": "39.1.2",
    "1.18.1-recommended": "39.1.0",
    "1.18.2-recommended": "40.3.0",
    "1.18.2-latest": "40.3.12",
    "1.19-latest": "41.1.0",
    "1.19-recommended": "41.1.0",
    "1.19.1-latest": "42.0.9",
    "1.19.2-recommended": "43.5.0",
    "1.19.2-latest": "43.5.2",
    "1.19.3-latest": "44.1.23",
    "1.19.3-recommended": "44.1.0",
    "1.19.4-recommended": "45.4.0",
    "1.19.4-latest": "45.4.3",
    "1.20-latest": "46.0.14",
    "1.20.1-recommended": "47.4.10",
    "1.20.1-latest": "47.4.20",
    "1.20.2-latest": "48.1.0",
    "1.20.2-recommended": "48.1.0",
    "1.20.3-latest": "49.0.2",
    "1.20.4-latest": "49.2.7",
    "1.20.4-recommended": "49.2.0",
    "1.20.6-latest": "50.2.8",
    "1.20.6-recommended": "50.2.0",
    "1.21-latest": "51.0.33",
    "1.21.1-latest": "52.1.14",
    "1.21.1-recommended": "52.1.0",
    "1.21.3-latest": "53.1.10",
    "1.21.3-recommended": "53.1.0",
    "1.21.4-latest": "54.1.16",
    "1.21.4-recommended": "54.1.14",
    "1.21.5-latest": "55.1.10",
    "1.21.5-recommended": "55.1.0",
    "1.21.6-latest": "56.0.9",
    "1.21.7-latest": "57.0.3",
    "1.21.8-latest": "58.1.18",
    "1.21.8-recommended": "58.1.0",
    "1.21.9-latest": "59.0.5",
    "1.21.10-latest": "60.1.9",
    "1.21.10-recommended": "60.1.0",
    "1.21.11-latest": "61.1.5",
    "1.21.11-recommended": "61.1.0",
    "26.1-latest": "62.0.9",
    "26.1.1-latest": "63.0.2",
    "26.1.2-latest": "64.0.8"
  }
}
[095月2026 10:23:24.304] [Forge Version Check/INFO] [net.minecraftforge.fml.VersionChecker/]: [forge] Found status: OUTDATED Current: 47.4.0 Target: 47.4.10
[095月2026 10:23:24.364] [Render thread/INFO] [com.mojang.blaze3d.audio.Library/]: OpenAL initialized on device OpenAL Soft on 扬声器 (Realtek(R) Audio)
[095月2026 10:23:24.366] [Render thread/INFO] [net.minecraft.client.sounds.SoundEngine/SOUNDS]: Sound engine started
[095月2026 10:23:24.460] [Render thread/INFO] [net.minecraft.client.renderer.texture.TextureAtlas/]: Created: 1024x512x4 minecraft:textures/atlas/blocks.png-atlas
[095月2026 10:23:24.465] [Render thread/INFO] [net.minecraft.client.renderer.texture.TextureAtlas/]: Created: 256x256x4 minecraft:textures/atlas/signs.png-atlas
[095月2026 10:23:24.466] [Render thread/INFO] [net.minecraft.client.renderer.texture.TextureAtlas/]: Created: 512x512x4 minecraft:textures/atlas/banner_patterns.png-atlas
[095月2026 10:23:24.466] [Render thread/INFO] [net.minecraft.client.renderer.texture.TextureAtlas/]: Created: 512x512x4 minecraft:textures/atlas/shield_patterns.png-atlas
[095月2026 10:23:24.466] [Render thread/INFO] [net.minecraft.client.renderer.texture.TextureAtlas/]: Created: 1024x1024x4 minecraft:textures/atlas/armor_trims.png-atlas
[095月2026 10:23:24.468] [Render thread/INFO] [net.minecraft.client.renderer.texture.TextureAtlas/]: Created: 256x256x4 minecraft:textures/atlas/chest.png-atlas
[095月2026 10:23:24.470] [Render thread/INFO] [net.minecraft.client.renderer.texture.TextureAtlas/]: Created: 128x64x4 minecraft:textures/atlas/decorated_pot.png-atlas
[095月2026 10:23:24.470] [Render thread/INFO] [net.minecraft.client.renderer.texture.TextureAtlas/]: Created: 512x256x4 minecraft:textures/atlas/beds.png-atlas
[095月2026 10:23:24.470] [Render thread/INFO] [net.minecraft.client.renderer.texture.TextureAtlas/]: Created: 512x256x4 minecraft:textures/atlas/shulker_boxes.png-atlas
[095月2026 10:23:24.532] [Render thread/DEBUG] [mixin/]: Mixing PlayerItemInHandLayerMixin from moonlight-common.mixins.json into net.minecraft.client.renderer.entity.layers.PlayerItemInHandLayer
[095月2026 10:23:24.558] [Render thread/ERROR] [epicfight/]: Can't load layer file minecraft:animated_layers/player/waveycapes.json for entity.minecraft.player: dev.tr7zw.waveycapes.renderlayers.CustomCapeRenderLayer (This is develop-only message and neglectable if the resource is not belong to you)
[095月2026 10:23:24.560] [Render thread/ERROR] [epicfight/]: Can't load layer file minecraft:animated_layers/player/waveycapes.json for entity.minecraft.player: dev.tr7zw.waveycapes.renderlayers.CustomCapeRenderLayer (This is develop-only message and neglectable if the resource is not belong to you)
[095月2026 10:23:24.570] [Render thread/ERROR] [epicfight/]: Can't load layer file minecraft:animated_layers/player/waveycapes.json for entity.minecraft.player: dev.tr7zw.waveycapes.renderlayers.CustomCapeRenderLayer (This is develop-only message and neglectable if the resource is not belong to you)
[095月2026 10:23:24.615] [Render thread/WARN] [net.minecraft.client.renderer.ShaderInstance/]: Shader rendertype_entity_translucent_emissive could not find sampler named Sampler2 in the specified shader program.
[095月2026 10:23:24.653] [Render thread/WARN] [net.minecraft.client.renderer.ShaderInstance/]: Shader moonlight:text_alpha_color could not find sampler named Sampler2 in the specified shader program.
[095月2026 10:23:24.653] [Render thread/WARN] [net.minecraft.client.renderer.ShaderInstance/]: Shader moonlight:text_alpha_color could not find uniform named IViewRotMat in the specified shader program.
[095月2026 10:23:24.684] [Render thread/INFO] [net.minecraft.client.renderer.texture.TextureAtlas/]: Created: 4096x2048x0 minecraft:textures/atlas/particles.png-atlas
[095月2026 10:23:24.698] [Render thread/INFO] [net.minecraft.client.renderer.texture.TextureAtlas/]: Created: 256x256x0 minecraft:textures/atlas/paintings.png-atlas
[095月2026 10:23:24.698] [Render thread/INFO] [net.minecraft.client.renderer.texture.TextureAtlas/]: Created: 256x128x0 minecraft:textures/atlas/mob_effects.png-atlas
[095月2026 10:23:24.699] [Render thread/INFO] [net.minecraft.client.renderer.texture.TextureAtlas/]: Created: 256x256x0 moonlight:textures/atlas/map_markers.png-atlas
[095月2026 10:23:25.554] [Realms Notification Availability checker #1/INFO] [com.mojang.realmsclient.client.RealmsClient/]: Could not authorize you against Realms server: java.lang.RuntimeException: Failed to parse into SignedJWT: 0
[095月2026 10:23:27.086] [Render thread/WARN] [ModernFix/]: Game took 20.931 seconds to start
[095月2026 10:23:35.078] [Render thread/DEBUG] [mixin/]: Mixing bugfix.world_screen_skipped.WorldSelectionListMixin from modernfix-modernfix.mixins.json into net.minecraft.client.gui.screens.worldselection.WorldSelectionList$WorldListEntry
[095月2026 10:23:36.585] [Render thread/DEBUG] [mixin/]: Mixing perf.dedicated_reload_executor.WorldOpenFlowsMixin from modernfix-modernfix.mixins.json into net.minecraft.client.gui.screens.worldselection.WorldOpenFlows
[095月2026 10:23:36.616] [Render thread/INFO] [net.minecraftforge.registries.GameData/REGISTRIES]: Injecting existing registry data into this CLIENT instance
[095月2026 10:23:36.641] [Render thread/DEBUG] [net.minecraftforge.registries.ForgeRegistry/REGISTRIES]: Registry minecraft:block Sync: ACTIVE -> STAGING
[095月2026 10:23:36.642] [Render thread/DEBUG] [net.minecraftforge.registries.ForgeRegistry/REGISTRIES]: Registry minecraft:fluid Sync: ACTIVE -> STAGING
[095月2026 10:23:36.642] [Render thread/DEBUG] [net.minecraftforge.registries.ForgeRegistry/REGISTRIES]: Registry minecraft:item Sync: ACTIVE -> STAGING
[095月2026 10:23:36.643] [Render thread/DEBUG] [net.minecraftforge.registries.ForgeRegistry/REGISTRIES]: Registry minecraft:mob_effect Sync: ACTIVE -> STAGING
[095月2026 10:23:36.643] [Render thread/DEBUG] [net.minecraftforge.registries.ForgeRegistry/REGISTRIES]: Registry minecraft:sound_event Sync: ACTIVE -> STAGING
[095月2026 10:23:36.645] [Render thread/DEBUG] [net.minecraftforge.registries.ForgeRegistry/REGISTRIES]: Registry minecraft:potion Sync: ACTIVE -> STAGING
[095月2026 10:23:36.645] [Render thread/DEBUG] [net.minecraftforge.registries.ForgeRegistry/REGISTRIES]: Registry minecraft:enchantment Sync: ACTIVE -> STAGING
[095月2026 10:23:36.645] [Render thread/DEBUG] [net.minecraftforge.registries.ForgeRegistry/REGISTRIES]: Registry minecraft:entity_type Sync: ACTIVE -> STAGING
[095月2026 10:23:36.645] [Render thread/DEBUG] [net.minecraftforge.registries.ForgeRegistry/REGISTRIES]: Registry minecraft:block_entity_type Sync: ACTIVE -> STAGING
[095月2026 10:23:36.645] [Render thread/DEBUG] [net.minecraftforge.registries.ForgeRegistry/REGISTRIES]: Registry minecraft:particle_type Sync: ACTIVE -> STAGING
[095月2026 10:23:36.646] [Render thread/DEBUG] [net.minecraftforge.registries.ForgeRegistry/REGISTRIES]: Registry minecraft:menu Sync: ACTIVE -> STAGING
[095月2026 10:23:36.646] [Render thread/DEBUG] [net.minecraftforge.registries.ForgeRegistry/REGISTRIES]: Registry minecraft:painting_variant Sync: ACTIVE -> STAGING
[095月2026 10:23:36.646] [Render thread/DEBUG] [net.minecraftforge.registries.ForgeRegistry/REGISTRIES]: Registry minecraft:recipe_type Sync: ACTIVE -> STAGING
[095月2026 10:23:36.646] [Render thread/DEBUG] [net.minecraftforge.registries.ForgeRegistry/REGISTRIES]: Registry minecraft:recipe_serializer Sync: ACTIVE -> STAGING
[095月2026 10:23:36.646] [Render thread/DEBUG] [net.minecraftforge.registries.ForgeRegistry/REGISTRIES]: Registry minecraft:attribute Sync: ACTIVE -> STAGING
[095月2026 10:23:36.646] [Render thread/DEBUG] [net.minecraftforge.registries.ForgeRegistry/REGISTRIES]: Registry minecraft:stat_type Sync: ACTIVE -> STAGING
[095月2026 10:23:36.646] [Render thread/DEBUG] [net.minecraftforge.registries.ForgeRegistry/REGISTRIES]: Registry minecraft:command_argument_type Sync: ACTIVE -> STAGING
[095月2026 10:23:36.646] [Render thread/DEBUG] [net.minecraftforge.registries.ForgeRegistry/REGISTRIES]: Registry minecraft:villager_profession Sync: ACTIVE -> STAGING
[095月2026 10:23:36.646] [Render thread/DEBUG] [net.minecraftforge.registries.ForgeRegistry/REGISTRIES]: Registry minecraft:point_of_interest_type Sync: ACTIVE -> STAGING
[095月2026 10:23:36.646] [Render thread/DEBUG] [net.minecraftforge.registries.ForgeRegistry/REGISTRIES]: Registry minecraft:memory_module_type Sync: ACTIVE -> STAGING
[095月2026 10:23:36.646] [Render thread/DEBUG] [net.minecraftforge.registries.ForgeRegistry/REGISTRIES]: Registry minecraft:sensor_type Sync: ACTIVE -> STAGING
[095月2026 10:23:36.646] [Render thread/DEBUG] [net.minecraftforge.registries.ForgeRegistry/REGISTRIES]: Registry minecraft:schedule Sync: ACTIVE -> STAGING
[095月2026 10:23:36.646] [Render thread/DEBUG] [net.minecraftforge.registries.ForgeRegistry/REGISTRIES]: Registry minecraft:activity Sync: ACTIVE -> STAGING
[095月2026 10:23:36.646] [Render thread/DEBUG] [net.minecraftforge.registries.ForgeRegistry/REGISTRIES]: Registry minecraft:worldgen/carver Sync: ACTIVE -> STAGING
[095月2026 10:23:36.646] [Render thread/DEBUG] [net.minecraftforge.registries.ForgeRegistry/REGISTRIES]: Registry minecraft:worldgen/feature Sync: ACTIVE -> STAGING
[095月2026 10:23:36.646] [Render thread/DEBUG] [net.minecraftforge.registries.ForgeRegistry/REGISTRIES]: Registry minecraft:chunk_status Sync: ACTIVE -> STAGING
[095月2026 10:23:36.646] [Render thread/DEBUG] [net.minecraftforge.registries.ForgeRegistry/REGISTRIES]: Registry minecraft:worldgen/block_state_provider_type Sync: ACTIVE -> STAGING
[095月2026 10:23:36.646] [Render thread/DEBUG] [net.minecraftforge.registries.ForgeRegistry/REGISTRIES]: Registry minecraft:worldgen/foliage_placer_type Sync: ACTIVE -> STAGING
[095月2026 10:23:36.646] [Render thread/DEBUG] [net.minecraftforge.registries.ForgeRegistry/REGISTRIES]: Registry minecraft:worldgen/tree_decorator_type Sync: ACTIVE -> STAGING
[095月2026 10:23:36.646] [Render thread/DEBUG] [net.minecraftforge.registries.ForgeRegistry/REGISTRIES]: Registry minecraft:worldgen/biome Sync: ACTIVE -> STAGING
[095月2026 10:23:36.646] [Render thread/DEBUG] [net.minecraftforge.registries.ForgeRegistry/REGISTRIES]: Registry forge:entity_data_serializers Sync: ACTIVE -> STAGING
[095月2026 10:23:36.646] [Render thread/DEBUG] [net.minecraftforge.registries.ForgeRegistry/REGISTRIES]: Registry forge:global_loot_modifier_serializers Sync: ACTIVE -> STAGING
[095月2026 10:23:36.646] [Render thread/DEBUG] [net.minecraftforge.registries.ForgeRegistry/REGISTRIES]: Registry forge:biome_modifier_serializers Sync: ACTIVE -> STAGING
[095月2026 10:23:36.646] [Render thread/DEBUG] [net.minecraftforge.registries.ForgeRegistry/REGISTRIES]: Registry forge:fluid_type Sync: ACTIVE -> STAGING
[095月2026 10:23:36.646] [Render thread/DEBUG] [net.minecraftforge.registries.ForgeRegistry/REGISTRIES]: Registry forge:structure_modifier_serializers Sync: ACTIVE -> STAGING
[095月2026 10:23:36.646] [Render thread/DEBUG] [net.minecraftforge.registries.ForgeRegistry/REGISTRIES]: Registry forge:holder_set_type Sync: ACTIVE -> STAGING
[095月2026 10:23:36.646] [Render thread/DEBUG] [net.minecraftforge.registries.ForgeRegistry/REGISTRIES]: Registry forge:display_contexts Sync: ACTIVE -> STAGING
[095月2026 10:23:36.646] [Render thread/DEBUG] [net.minecraftforge.registries.ForgeRegistry/REGISTRIES]: Registry epicfight:skill Sync: ACTIVE -> STAGING
[095月2026 10:23:36.647] [Render thread/DEBUG] [net.minecraftforge.registries.ForgeRegistry/REGISTRIES]: Registry epicfight:conditions Sync: ACTIVE -> STAGING
[095月2026 10:23:36.647] [Render thread/DEBUG] [net.minecraftforge.registries.ForgeRegistry/REGISTRIES]: Registry epicfight:skill_data_keys Sync: ACTIVE -> STAGING
[095月2026 10:23:36.647] [Render thread/DEBUG] [net.minecraftforge.registries.ForgeRegistry/REGISTRIES]: Registry epicfight:synched_animation_variable_keys Sync: ACTIVE -> STAGING
[095月2026 10:23:36.649] [Render thread/INFO] [epicfight/]: Data keys [epicfight:basic_attack_active, epicfight:combo_counter] for epicfight:basic_attack
[095月2026 10:23:36.650] [Render thread/INFO] [epicfight/]: Data keys [epicfight:penalty, epicfight:penalty_restore_counter] for epicfight:guard
[095月2026 10:23:36.650] [Render thread/INFO] [epicfight/]: Data keys [epicfight:last_active, epicfight:penalty, epicfight:parry_motion_counter, epicfight:penalty_restore_counter] for epicfight:parrying
[095月2026 10:23:36.650] [Render thread/INFO] [epicfight/]: Data keys [epicfight:penalty, epicfight:penalty_restore_counter] for epicfight:impact_guard
[095月2026 10:23:36.650] [Render thread/INFO] [epicfight/]: Data keys [epicfight:tick_record, epicfight:stacks, epicfight:resisting_damage_type] for epicfight:adaptive_skin
[095月2026 10:23:36.650] [Render thread/INFO] [epicfight/]: Data keys [epicfight:tick_record] for epicfight:adrenaline_fiend
[095月2026 10:23:36.650] [Render thread/INFO] [epicfight/]: Data keys [epicfight:entity_id, epicfight:stacks] for epicfight:bonebreaker
[095月2026 10:23:36.650] [Render thread/INFO] [epicfight/]: Data keys [epicfight:tick_record, epicfight:entity_id] for epicfight:vengeance
[095月2026 10:23:36.650] [Render thread/INFO] [epicfight/]: Data keys [epicfight:slam_protect_next_fall, epicfight:fall_distance] for epicfight:meteor_slam
[095月2026 10:23:36.650] [Render thread/INFO] [epicfight/]: Data keys [epicfight:stacks] for epicfight:revelation
[095月2026 10:23:36.650] [Render thread/INFO] [epicfight/]: Data keys [epicfight:slam_protect_next_fall] for epicfight:demolition_leap
[095月2026 10:23:36.650] [Render thread/INFO] [epicfight/]: Data keys [epicfight:jump_key_pressed_last_tick, epicfight:slam_protect_next_fall, epicfight:jump_count] for epicfight:phantom_ascent
[095月2026 10:23:36.650] [Render thread/INFO] [epicfight/]: Data keys [epicfight:last_hit_count] for epicfight:grasping_spire
[095月2026 10:23:36.650] [Render thread/INFO] [epicfight/]: Data keys [epicfight:sheath] for epicfight:battojutsu_passive
[095月2026 10:23:36.650] [Render thread/INFO] [epicfight/]: Data keys [epicfight:sheath] for epicfight:battojutsu
[095月2026 10:23:36.650] [Render thread/INFO] [epicfight/]: Data keys [epicfight:combo_counter] for epicfight:blade_rush
[095月2026 10:23:36.650] [Render thread/INFO] [epicfight/]: Data keys [epicfight:thrown_trident_entity_id] for epicfight:everlasting_allegiance
[095月2026 10:23:36.651] [Render thread/DEBUG] [net.minecraftforge.registries.ObjectHolderRegistry/REGISTRIES]: Applying holder lookups
[095月2026 10:23:36.652] [Render thread/DEBUG] [net.minecraftforge.registries.ObjectHolderRegistry/REGISTRIES]: Holder lookups applied
[095月2026 10:23:36.657] [Render thread/DEBUG] [mixin/]: Mixing PackConfigMixin from ldlib-common.mixins.json into net.minecraft.server.WorldLoader$PackConfig
[095月2026 10:23:36.671] [Render thread/DEBUG] [mixin/]: Mixing WorldLoaderMixin from moonlight-common.mixins.json into net.minecraft.server.WorldLoader
[095月2026 10:23:36.671] [Render thread/DEBUG] [mixin/]: Mixing WorldLoaderMixin from ldlib-common.mixins.json into net.minecraft.server.WorldLoader
[095月2026 10:23:36.671] [Render thread/DEBUG] [mixin/]: Mixing core.WorldLoaderMixin from modernfix-modernfix.mixins.json into net.minecraft.server.WorldLoader
[095月2026 10:23:36.671] [Render thread/DEBUG] [mixin/]: Renaming synthetic method lambda$trackEndReload$0(Ljava/lang/Object;)Ljava/lang/Object; to mdedb9e6$lambda$trackEndReload$0$0 in modernfix-modernfix.mixins.json:core.WorldLoaderMixin
[095月2026 10:23:36.671] [Render thread/DEBUG] [mixin/]: Mixing feature.measure_time.WorldLoaderMixin from modernfix-modernfix.mixins.json into net.minecraft.server.WorldLoader
[095月2026 10:23:36.671] [Render thread/DEBUG] [mixin/]: Renaming synthetic method lambda$finishStopwatch$0(Lcom/google/common/base/Stopwatch;Ljava/lang/Object;Ljava/lang/Throwable;)V to mdedb9e6$lambda$finishStopwatch$0$1 in modernfix-modernfix.mixins.json:feature.measure_time.WorldLoaderMixin
[095月2026 10:23:36.706] [Render thread/DEBUG] [net.minecraftforge.server.ServerLifecycleHooks/CORE]: Generating PackInfo named mod:moonlight for mod file C:\Users\19810\.gradle\caches\forge_gradle\deobf_dependencies\curse\maven\selene-499980\7664875_mapped_parchment_2023.09.03-1.20.1\selene-499980-7664875_mapped_parchment_2023.09.03-1.20.1.jar
[095月2026 10:23:36.706] [Render thread/DEBUG] [net.minecraftforge.server.ServerLifecycleHooks/CORE]: Generating PackInfo named mod:mixinsquared for mod file 
[095月2026 10:23:36.706] [Render thread/DEBUG] [net.minecraftforge.server.ServerLifecycleHooks/CORE]: Generating PackInfo named mod:ferritecore for mod file C:\Users\19810\.gradle\caches\forge_gradle\deobf_dependencies\curse\maven\ferritecore-429235\4810975_mapped_parchment_2023.09.03-1.20.1\ferritecore-429235-4810975_mapped_parchment_2023.09.03-1.20.1.jar
[095月2026 10:23:36.706] [Render thread/DEBUG] [net.minecraftforge.server.ServerLifecycleHooks/CORE]: Generating PackInfo named mod:ldlib for mod file C:\Users\19810\.gradle\caches\forge_gradle\deobf_dependencies\curse\maven\ldlib-626676\7652228_mapped_parchment_2023.09.03-1.20.1\ldlib-626676-7652228_mapped_parchment_2023.09.03-1.20.1.jar
[095月2026 10:23:36.706] [Render thread/DEBUG] [net.minecraftforge.server.ServerLifecycleHooks/CORE]: Generating PackInfo named mod:photon for mod file C:\Users\19810\.gradle\caches\forge_gradle\deobf_dependencies\curse\maven\photon-871522\7501597_mapped_parchment_2023.09.03-1.20.1\photon-871522-7501597_mapped_parchment_2023.09.03-1.20.1.jar
[095月2026 10:23:36.706] [Render thread/DEBUG] [net.minecraftforge.server.ServerLifecycleHooks/CORE]: Generating PackInfo named mod:forge for mod file /
[095月2026 10:23:36.706] [Render thread/DEBUG] [net.minecraftforge.server.ServerLifecycleHooks/CORE]: Generating PackInfo named mod:dummmmmmy for mod file C:\Users\19810\.gradle\caches\forge_gradle\deobf_dependencies\curse\maven\mmmmmmmmmmmm-225738\6860192_mapped_parchment_2023.09.03-1.20.1\mmmmmmmmmmmm-225738-6860192_mapped_parchment_2023.09.03-1.20.1.jar
[095月2026 10:23:36.707] [Render thread/DEBUG] [net.minecraftforge.server.ServerLifecycleHooks/CORE]: Generating PackInfo named mod:epicfight for mod file C:\Users\19810\.gradle\caches\forge_gradle\deobf_dependencies\curse\maven\epic-fight-mod-405076\8049910_mapped_parchment_2023.09.03-1.20.1\epic-fight-mod-405076-8049910_mapped_parchment_2023.09.03-1.20.1.jar
[095月2026 10:23:36.707] [Render thread/DEBUG] [net.minecraftforge.server.ServerLifecycleHooks/CORE]: Generating PackInfo named mod:modernfix for mod file C:\Users\19810\.gradle\caches\forge_gradle\deobf_dependencies\curse\maven\modernfix-790626\8050207_mapped_parchment_2023.09.03-1.20.1\modernfix-790626-8050207_mapped_parchment_2023.09.03-1.20.1.jar
[095月2026 10:23:36.708] [Render thread/DEBUG] [net.minecraftforge.server.ServerLifecycleHooks/CORE]: Generating PackInfo named mod:photon_or_epicfight for mod file D:\game\bag\endless\photon or epicfight\build\resources\main
[095月2026 10:23:36.720] [Render thread/DEBUG] [ModernFix/]: Generated cache for /assets in 3.802 ms
[095月2026 10:23:36.720] [Render thread/INFO] [Moonlight/]: Starting runtime resource generation for pack type SERVER_DATA with generators from mods [moonlight, moonlight]: [net.mehvahdjukaar.moonlight.core.Moonlight$MlTestGen@d3d5a12]
[095月2026 10:23:36.720] [Render thread/INFO] [Moonlight/]: Generating runtime assets for pack Moonlight Generated Pack (moonlight)
[095月2026 10:23:36.722] [pool-6-thread-1/DEBUG] [mixin/]: Mixing perf.tag_id_caching.TagEntryMixin from modernfix-modernfix.mixins.json into net.minecraft.tags.TagEntry
[095月2026 10:23:36.730] [Render thread/INFO] [Moonlight/]: Generated runtime SERVER_DATA for pack Moonlight Generated Pack (moonlight) in: 9 ms (debug resource dump on) (multithreaded)
[095月2026 10:23:36.730] [Render thread/INFO] [Moonlight/]: Finished runtime resources generation for 2 packs in a total of 9 ms
[095月2026 10:23:36.739] [Render thread/DEBUG] [ModernFix/]: Generated cache for /assets in 4.910 ms
[095月2026 10:23:36.790] [Render thread/DEBUG] [ModernFix/]: Generated cache for /assets in 51.05 ms
[095月2026 10:23:36.792] [Render thread/DEBUG] [ModernFix/]: Generated cache for /assets in 982.7 μs
[095月2026 10:23:36.794] [Render thread/DEBUG] [ModernFix/]: Generated cache for /assets in 2.060 ms
[095月2026 10:23:36.800] [Render thread/DEBUG] [ModernFix/]: Generated cache for /assets in 5.541 ms
[095月2026 10:23:36.801] [Render thread/DEBUG] [ModernFix/]: Generated cache for /assets in 484.9 μs
[095月2026 10:23:36.803] [Render thread/DEBUG] [ModernFix/]: Generated cache for /assets in 2.377 ms
[095月2026 10:23:37.070] [Render thread/DEBUG] [mixin/]: Mixing bugfix.registry_ops_cme.RegistryOpsMemoizedMixin from modernfix-modernfix.mixins.json into net.minecraft.resources.RegistryOps$1
[095月2026 10:23:37.187] [Render thread/DEBUG] [net.minecraftforge.coremod.transformer.CoreModBaseTransformer/COREMOD]: Transforming net/minecraft/server/commands/SummonCommand
[095月2026 10:23:37.267] [Render thread/DEBUG] [mixin/]: Mixing feature.measure_time.AddReloadListenerEventWrapperMixin from modernfix-modernfix.mixins.json into net.minecraftforge.event.AddReloadListenerEvent$WrappedStateAwareListener
[095月2026 10:23:37.414] [Worker-ResourceReload-1/DEBUG] [net.minecraftforge.coremod.transformer.CoreModBaseTransformer/COREMOD]: Transforming net/minecraft/world/entity/raid/Raid
[095月2026 10:23:37.573] [Render thread/INFO] [net.minecraft.world.item.crafting.RecipeManager/]: Loaded 7 recipes
[095月2026 10:23:37.644] [Render thread/INFO] [net.minecraft.advancements.AdvancementList/]: Loaded 1272 advancements
[095月2026 10:23:37.695] [Render thread/WARN] [ModernFix/]: Initial datapack load took 997.2 ms
[095月2026 10:23:37.712] [Render thread/DEBUG] [net.minecraftforge.common.ForgeHooks/WP]: Gathering id map for writing to world save 新的世界
[095月2026 10:23:37.726] [Render thread/DEBUG] [net.minecraftforge.common.ForgeHooks/WP]: ID Map collection complete 新的世界
[095月2026 10:23:37.761] [Render thread/DEBUG] [mixin/]: Mixing feature.mcfunction_profiling.ServerFunctionManagerMixin from modernfix-modernfix.mixins.json into net.minecraft.server.ServerFunctionManager
[095月2026 10:23:37.762] [Render thread/DEBUG] [mixin/]: Renaming synthetic method lambda$mfix$getProfilingResults$2(Ljava/util/Map$Entry;)Ljava/time/Duration; to mdedb9e6$lambda$mfix$getProfilingResults$2$0 in modernfix-modernfix.mixins.json:feature.mcfunction_profiling.ServerFunctionManagerMixin
[095月2026 10:23:37.762] [Render thread/DEBUG] [mixin/]: Renaming synthetic method lambda$pruneUnusedWatches$1(Lcom/google/common/base/Stopwatch;)Z to mdedb9e6$lambda$pruneUnusedWatches$1$1 in modernfix-modernfix.mixins.json:feature.mcfunction_profiling.ServerFunctionManagerMixin
[095月2026 10:23:37.762] [Render thread/DEBUG] [mixin/]: Renaming synthetic method lambda$startWatch$0(Lnet/minecraft/resources/ResourceLocation;)Lcom/google/common/base/Stopwatch; to mdedb9e6$lambda$startWatch$0$2 in modernfix-modernfix.mixins.json:feature.mcfunction_profiling.ServerFunctionManagerMixin
[095月2026 10:23:37.780] [Server thread/INFO] [net.minecraft.client.server.IntegratedServer/]: Starting integrated minecraft server version 1.20.1
[095月2026 10:23:37.780] [Server thread/INFO] [net.minecraft.server.MinecraftServer/]: Generating keypair
[095月2026 10:23:37.815] [Server thread/DEBUG] [net.minecraftforge.fml.config.ConfigTracker/CONFIG]: Loading configs type SERVER
[095月2026 10:23:37.815] [Server thread/DEBUG] [net.minecraftforge.fml.config.ConfigFileTypeHandler/CONFIG]: Built TOML config for .\saves\新的世界\serverconfig\forge-server.toml
[095月2026 10:23:37.815] [Server thread/DEBUG] [net.minecraftforge.fml.config.ConfigFileTypeHandler/CONFIG]: Loaded TOML config file .\saves\新的世界\serverconfig\forge-server.toml
[095月2026 10:23:37.816] [Server thread/DEBUG] [net.minecraftforge.fml.config.ConfigFileTypeHandler/CONFIG]: Watching TOML config file .\saves\新的世界\serverconfig\forge-server.toml for changes
[095月2026 10:23:37.816] [Server thread/DEBUG] [net.minecraftforge.common.ForgeConfig/FORGEMOD]: Loaded forge config file forge-server.toml
[095月2026 10:23:37.837] [Server thread/DEBUG] [mixin/]: Mixing perf.optimize_surface_rules.BiomeManagerAccessor from modernfix-modernfix.mixins.json into net.minecraft.world.level.biome.BiomeManager
[095月2026 10:23:37.843] [Server thread/DEBUG] [net.minecraftforge.coremod.transformer.CoreModBaseTransformer/COREMOD]: Transforming net/minecraft/world/level/levelgen/PhantomSpawner
[095月2026 10:23:37.846] [Server thread/DEBUG] [net.minecraftforge.coremod.transformer.CoreModBaseTransformer/COREMOD]: Transforming net/minecraft/world/level/levelgen/PatrolSpawner
[095月2026 10:23:37.848] [Server thread/DEBUG] [net.minecraftforge.coremod.transformer.CoreModBaseTransformer/COREMOD]: Transforming net/minecraft/world/entity/npc/CatSpawner
[095月2026 10:23:37.851] [Server thread/DEBUG] [net.minecraftforge.coremod.transformer.CoreModBaseTransformer/COREMOD]: Transforming net/minecraft/world/entity/ai/village/VillageSiege
[095月2026 10:23:37.857] [Server thread/DEBUG] [mixin/]: Mixing MapDataMixin from moonlight-common.mixins.json into net.minecraft.world.level.saveddata.maps.MapItemSavedData
[095月2026 10:23:37.858] [Server thread/DEBUG] [mixin/]: Renaming synthetic method lambda$save$3(Lnet/minecraft/nbt/CompoundTag;Lnet/minecraft/resources/ResourceLocation;Lnet/mehvahdjukaar/moonlight/api/map/CustomMapData;)V to mdedb9e6$lambda$save$3$0 in moonlight-common.mixins.json:MapDataMixin
[095月2026 10:23:37.858] [Server thread/DEBUG] [mixin/]: Renaming synthetic method lambda$load$2(Lnet/minecraft/nbt/CompoundTag;Lnet/mehvahdjukaar/moonlight/api/map/CustomMapData;)V to mdedb9e6$lambda$load$2$1 in moonlight-common.mixins.json:MapDataMixin
[095月2026 10:23:37.858] [Server thread/DEBUG] [mixin/]: Renaming synthetic method lambda$setCustomDataDirty$1(Lnet/mehvahdjukaar/moonlight/api/map/CustomMapData$Type;Ljava/util/function/Consumer;Lnet/minecraft/world/level/saveddata/maps/MapItemSavedData$HoldingPlayer;)V to mdedb9e6$lambda$setCustomDataDirty$1$2 in moonlight-common.mixins.json:MapDataMixin
[095月2026 10:23:37.858] [Server thread/DEBUG] [mixin/]: Renaming synthetic method lambda$setCustomDecorationsDirty$0(Lnet/minecraft/world/level/saveddata/maps/MapItemSavedData$HoldingPlayer;)V to mdedb9e6$lambda$setCustomDecorationsDirty$0$3 in moonlight-common.mixins.json:MapDataMixin
[095月2026 10:23:37.886] [Server thread/DEBUG] [mixin/]: Mixing bugfix.chunk_deadlock.ServerChunkCache_CurrentLoadingMixin from modernfix-modernfix.mixins.json into net.minecraft.server.level.ServerChunkCache
[095月2026 10:23:37.900] [Server thread/DEBUG] [mixin/]: Mixing common.MixinDamageSources from mixins.epicfight.json into net.minecraft.world.damagesource.DamageSources
[095月2026 10:23:37.954] [Server thread/DEBUG] [mixin/]: Mixing perf.ticking_chunk_alloc.ChunkHolderMixin from modernfix-modernfix.mixins.json into net.minecraft.server.level.ChunkHolder
[095月2026 10:23:37.954] [Server thread/DEBUG] [mixin/]: Mixing perf.release_protochunks.ChunkHolderMixin from modernfix-modernfix.mixins.json into net.minecraft.server.level.ChunkHolder
[095月2026 10:23:37.955] [Server thread/DEBUG] [mixin/]: Renaming synthetic method lambda$mfix$markAsNeedingProtoChunkDrop$0(Lorg/embeddedt/modernfix/duck/release_protochunks/ISuspendedHolderTrackingChunkMap;Lnet/minecraft/world/level/chunk/ChunkAccess;Ljava/lang/Throwable;)V to mdedb9e6$lambda$mfix$markAsNeedingProtoChunkDrop$0$0 in modernfix-modernfix.mixins.json:perf.release_protochunks.ChunkHolderMixin
[095月2026 10:23:37.971] [Server thread/DEBUG] [mixin/]: Mixing bugfix.chunk_deadlock.ChunkMapLoadMixin from modernfix-modernfix.mixins.json into net.minecraft.server.level.ChunkMap
[095月2026 10:23:37.972] [Server thread/DEBUG] [mixin/]: Renaming synthetic method lambda$createSurrogateFuture$1(Ljava/util/concurrent/CompletableFuture;Lcom/mojang/datafixers/util/Either;Ljava/lang/Throwable;)V to mdedb9e6$lambda$createSurrogateFuture$1$0 in modernfix-modernfix.mixins.json:bugfix.chunk_deadlock.ChunkMapLoadMixin
[095月2026 10:23:37.972] [Server thread/DEBUG] [mixin/]: Renaming synthetic method lambda$createSurrogateFuture$0(Ljava/util/concurrent/CompletableFuture;Ljava/util/function/Function;Lcom/mojang/datafixers/util/Either;)Lcom/mojang/datafixers/util/Either; to mdedb9e6$lambda$createSurrogateFuture$0$1 in modernfix-modernfix.mixins.json:bugfix.chunk_deadlock.ChunkMapLoadMixin
[095月2026 10:23:37.974] [Server thread/DEBUG] [mixin/]: Mixing bugfix.paper_chunk_patches.ChunkMapMixin from modernfix-modernfix.mixins.json into net.minecraft.server.level.ChunkMap
[095月2026 10:23:37.974] [Server thread/DEBUG] [mixin/]: Renaming synthetic method lambda$mfix$avoidSchedulingGenerationPrematurely$0(Lnet/minecraft/server/level/ChunkMap;Lnet/minecraft/server/level/ChunkHolder;Lnet/minecraft/world/level/chunk/ChunkStatus;Lcom/mojang/datafixers/util/Either;)Ljava/util/concurrent/CompletionStage; to mdedb9e6$lambda$mfix$avoidSchedulingGenerationPrematurely$0$2 in modernfix-modernfix.mixins.json:bugfix.paper_chunk_patches.ChunkMapMixin
[095月2026 10:23:37.974] [Server thread/DEBUG] [mixin/]: Mixing perf.release_protochunks.ChunkMapMixin from modernfix-modernfix.mixins.json into net.minecraft.server.level.ChunkMap
[095月2026 10:23:37.975] [Server thread/DEBUG] [mixin/]: Renaming synthetic method lambda$decrementGenRefCountsOnComplete$0(ILnet/minecraft/world/level/ChunkPos;Lcom/mojang/datafixers/util/Either;Ljava/lang/Throwable;)V to mdedb9e6$lambda$decrementGenRefCountsOnComplete$0$3 in modernfix-modernfix.mixins.json:perf.release_protochunks.ChunkMapMixin
[095月2026 10:23:38.030] [Server thread/DEBUG] [mixin/]: Mixing perf.optimize_surface_rules.SurfaceSystemMixin from modernfix-modernfix.mixins.json into net.minecraft.world.level.levelgen.SurfaceSystem
[095月2026 10:23:38.053] [Server thread/DEBUG] [mixin/]: Mixing perf.cache_strongholds.ChunkGeneratorMixin from modernfix-modernfix.mixins.json into net.minecraft.world.level.chunk.ChunkGeneratorStructureState
[095月2026 10:23:38.053] [Server thread/DEBUG] [mixin/]: Renaming synthetic method lambda$modernfix$cacheRingPositions$0(Ljava/lang/String;Ljava/util/List;)Ljava/util/List; to mdedb9e6$lambda$modernfix$cacheRingPositions$0$0 in modernfix-modernfix.mixins.json:perf.cache_strongholds.ChunkGeneratorMixin
[095月2026 10:23:38.099] [Server thread/DEBUG] [ModernFix/]: Using cached stronghold positions for 3dc0ef6e4e01cb936ea0151d38b46804a0a0f5e858757457a141c9e97ed4f657
[095月2026 10:23:38.103] [Server thread/DEBUG] [mixin/]: Mixing perf.faster_structure_location.StructureCheckMixin from modernfix-modernfix.mixins.json into net.minecraft.world.level.levelgen.structure.StructureCheck
[095月2026 10:23:38.103] [Server thread/DEBUG] [net.minecraftforge.coremod.transformer.CoreModBaseTransformer/COREMOD]: Transforming net/minecraft/world/level/levelgen/structure/Structure
[095月2026 10:23:38.138] [Server thread/INFO] [net.minecraft.server.MinecraftServer/]: Preparing start region for dimension minecraft:overworld
[095月2026 10:23:38.140] [Server thread/DEBUG] [mixin/]: Mixing bugfix.paper_chunk_patches.SortedArraySetMixin from modernfix-modernfix.mixins.json into net.minecraft.util.SortedArraySet
[095月2026 10:23:38.143] [Server thread/DEBUG] [mixin/]: Mixing perf.remove_spawn_chunks.SortedArraySetMixin from modernfix-modernfix.mixins.json into net.minecraft.util.SortedArraySet
[095月2026 10:23:38.173] [Server thread/INFO] [net.minecraftforge.server.permission.PermissionAPI/]: Successfully initialized permission handler forge:default_handler
[095月2026 10:23:38.190] [Render thread/INFO] [net.minecraft.server.level.progress.LoggerChunkProgressListener/]: Time elapsed: 35 ms
[095月2026 10:23:38.241] [Server thread/DEBUG] [io.netty.buffer.AbstractByteBuf/]: -Dio.netty.buffer.checkAccessible: true
[095月2026 10:23:38.242] [Server thread/DEBUG] [io.netty.buffer.AbstractByteBuf/]: -Dio.netty.buffer.checkBounds: true
[095月2026 10:23:38.242] [Server thread/DEBUG] [io.netty.util.ResourceLeakDetectorFactory/]: Loaded default ResourceLeakDetector: io.netty.util.ResourceLeakDetector@688ecb76
[095月2026 10:23:38.255] [Server thread/DEBUG] [net.minecraftforge.coremod.transformer.CoreModBaseTransformer/COREMOD]: Transforming net/minecraft/world/level/NaturalSpawner
[095月2026 10:23:38.278] [Server thread/INFO] [net.minecraft.client.server.IntegratedServer/]: Changing view distance to 12, from 10
[095月2026 10:23:38.280] [Server thread/INFO] [net.minecraft.client.server.IntegratedServer/]: Changing simulation distance to 12, from 0
[095月2026 10:23:38.285] [Server thread/DEBUG] [mixin/]: Mixing perf.compact_imposterprotochunks.ImposterProtoChunkMixin from modernfix-modernfix.mixins.json into net.minecraft.world.level.chunk.ImposterProtoChunk
[095月2026 10:23:38.290] [Server thread/DEBUG] [mixin/]: Mixing perf.compact_bit_storage.PalettedContainerMixin from modernfix-modernfix.mixins.json into net.minecraft.world.level.chunk.PalettedContainer
[095月2026 10:23:38.344] [Server thread/DEBUG] [mixin/]: Mixing BlockStateCacheMixin from ferritecore.blockstatecache.mixin.json into net.minecraft.world.level.block.state.BlockBehaviour$BlockStateBase$Cache
[095月2026 10:23:38.345] [Server thread/DEBUG] [mixin/]: Mixing perf.cache_blockstate_cache_arrays.AbstractBlockStateCacheMixin from modernfix-modernfix.mixins.json into net.minecraft.world.level.block.state.BlockBehaviour$BlockStateBase$Cache
[095月2026 10:23:38.345] [Render thread/DEBUG] [io.netty.channel.MultithreadEventLoopGroup/]: -Dio.netty.eventLoopThreads: 64
[095月2026 10:23:38.358] [Render thread/DEBUG] [io.netty.util.internal.InternalThreadLocalMap/]: -Dio.netty.threadLocalMap.stringBuilder.initialSize: 1024
[095月2026 10:23:38.358] [Render thread/DEBUG] [io.netty.util.internal.InternalThreadLocalMap/]: -Dio.netty.threadLocalMap.stringBuilder.maxSize: 4096
[095月2026 10:23:38.361] [Render thread/DEBUG] [io.netty.channel.nio.NioEventLoop/]: -Dio.netty.noKeySetOptimization: false
[095月2026 10:23:38.362] [Render thread/DEBUG] [io.netty.channel.nio.NioEventLoop/]: -Dio.netty.selectorAutoRebuildThreshold: 512
[095月2026 10:23:38.367] [Render thread/DEBUG] [io.netty.util.internal.PlatformDependent/]: org.jctools-core.MpscChunkedArrayQueue: available
[095月2026 10:23:38.454] [Render thread/DEBUG] [io.netty.channel.DefaultChannelId/]: -Dio.netty.processId: 78372 (auto-detected)
[095月2026 10:23:38.455] [Render thread/WARN] [io.netty.util.internal.SystemPropertyUtil/]: Unable to parse the boolean system property 'java.net.preferIPv6Addresses':system - using the default value: false
[095月2026 10:23:38.455] [Render thread/DEBUG] [io.netty.util.NetUtil/]: -Djava.net.preferIPv4Stack: false
[095月2026 10:23:38.455] [Render thread/DEBUG] [io.netty.util.NetUtil/]: -Djava.net.preferIPv6Addresses: false
[095月2026 10:23:38.469] [Render thread/DEBUG] [io.netty.util.NetUtilInitializations/]: Loopback interface: lo (Software Loopback Interface 1, 127.0.0.1)
[095月2026 10:23:38.472] [Render thread/DEBUG] [io.netty.util.NetUtil/]: Failed to get SOMAXCONN from sysctl and file \proc\sys\net\core\somaxconn. Default: 200
[095月2026 10:23:38.530] [Render thread/DEBUG] [io.netty.channel.DefaultChannelId/]: -Dio.netty.machineId: 90:65:84:ff:fe:1a:78:40 (auto-detected)
[095月2026 10:23:38.545] [Render thread/DEBUG] [io.netty.buffer.PooledByteBufAllocator/]: -Dio.netty.allocator.numHeapArenas: 64
[095月2026 10:23:38.545] [Render thread/DEBUG] [io.netty.buffer.PooledByteBufAllocator/]: -Dio.netty.allocator.numDirectArenas: 64
[095月2026 10:23:38.545] [Render thread/DEBUG] [io.netty.buffer.PooledByteBufAllocator/]: -Dio.netty.allocator.pageSize: 8192
[095月2026 10:23:38.545] [Render thread/DEBUG] [io.netty.buffer.PooledByteBufAllocator/]: -Dio.netty.allocator.maxOrder: 9
[095月2026 10:23:38.545] [Render thread/DEBUG] [io.netty.buffer.PooledByteBufAllocator/]: -Dio.netty.allocator.chunkSize: 4194304
[095月2026 10:23:38.545] [Render thread/DEBUG] [io.netty.buffer.PooledByteBufAllocator/]: -Dio.netty.allocator.smallCacheSize: 256
[095月2026 10:23:38.545] [Render thread/DEBUG] [io.netty.buffer.PooledByteBufAllocator/]: -Dio.netty.allocator.normalCacheSize: 64
[095月2026 10:23:38.545] [Render thread/DEBUG] [io.netty.buffer.PooledByteBufAllocator/]: -Dio.netty.allocator.maxCachedBufferCapacity: 32768
[095月2026 10:23:38.545] [Render thread/DEBUG] [io.netty.buffer.PooledByteBufAllocator/]: -Dio.netty.allocator.cacheTrimInterval: 8192
[095月2026 10:23:38.545] [Render thread/DEBUG] [io.netty.buffer.PooledByteBufAllocator/]: -Dio.netty.allocator.cacheTrimIntervalMillis: 0
[095月2026 10:23:38.545] [Render thread/DEBUG] [io.netty.buffer.PooledByteBufAllocator/]: -Dio.netty.allocator.useCacheForAllThreads: false
[095月2026 10:23:38.545] [Render thread/DEBUG] [io.netty.buffer.PooledByteBufAllocator/]: -Dio.netty.allocator.maxCachedByteBuffersPerChunk: 1023
[095月2026 10:23:38.553] [Render thread/DEBUG] [io.netty.buffer.ByteBufUtil/]: -Dio.netty.allocator.type: pooled
[095月2026 10:23:38.553] [Render thread/DEBUG] [io.netty.buffer.ByteBufUtil/]: -Dio.netty.threadLocalDirectBufferSize: 0
[095月2026 10:23:38.553] [Render thread/DEBUG] [io.netty.buffer.ByteBufUtil/]: -Dio.netty.maxThreadLocalCharBufferSize: 16384
[095月2026 10:23:38.570] [Netty Local Client IO #0/DEBUG] [net.minecraftforge.network.HandshakeHandler/FMLHANDSHAKE]: Starting local connection.
[095月2026 10:23:38.585] [Netty Server IO #1/DEBUG] [mixin/]: Mixing MapItemDataPacketMixin from moonlight-common.mixins.json into net.minecraft.network.protocol.game.ClientboundMapItemDataPacket
[095月2026 10:23:38.585] [Netty Server IO #1/DEBUG] [mixin/]: Renaming synthetic method lambda$moonlight$sendCustomDecorations$1(I)[Lnet/mehvahdjukaar/moonlight/api/map/CustomMapDecoration; to mdedb9e6$lambda$moonlight$sendCustomDecorations$1$0 in moonlight-common.mixins.json:MapItemDataPacketMixin
[095月2026 10:23:38.585] [Netty Server IO #1/DEBUG] [mixin/]: Renaming synthetic method lambda$moonlight$sendCustomDecorations$0(Lnet/minecraft/network/FriendlyByteBuf;Lnet/mehvahdjukaar/moonlight/api/map/CustomMapDecoration;)Lnet/mehvahdjukaar/moonlight/api/map/CustomMapDecoration; to mdedb9e6$lambda$moonlight$sendCustomDecorations$0$1 in moonlight-common.mixins.json:MapItemDataPacketMixin
[095月2026 10:23:38.641] [Netty Local Client IO #0/DEBUG] [io.netty.util.Recycler/]: -Dio.netty.recycler.maxCapacityPerThread: 4096
[095月2026 10:23:38.641] [Netty Local Client IO #0/DEBUG] [io.netty.util.Recycler/]: -Dio.netty.recycler.ratio: 8
[095月2026 10:23:38.641] [Netty Local Client IO #0/DEBUG] [io.netty.util.Recycler/]: -Dio.netty.recycler.chunkSize: 32
[095月2026 10:23:38.641] [Netty Local Client IO #0/DEBUG] [io.netty.util.Recycler/]: -Dio.netty.recycler.blocking: false
[095月2026 10:23:38.645] [Netty Server IO #1/DEBUG] [net.minecraftforge.network.HandshakeHandler/FMLHANDSHAKE]: Starting local connection.
[095月2026 10:23:38.676] [Server thread/DEBUG] [net.minecraftforge.network.HandshakeHandler/FMLHANDSHAKE]: Sending ticking packet info 'net.minecraftforge.network.HandshakeMessages$S2CModData' to 'fml:handshake' sequence 0
[095月2026 10:23:38.677] [Server thread/DEBUG] [net.minecraftforge.network.HandshakeHandler/FMLHANDSHAKE]: Sending ticking packet info 'net.minecraftforge.network.HandshakeMessages$S2CModList' to 'fml:handshake' sequence 1
[095月2026 10:23:38.677] [Server thread/DEBUG] [net.minecraftforge.network.HandshakeHandler/FMLHANDSHAKE]: Sending ticking packet info 'Config forge-server.toml' to 'fml:handshake' sequence 2
[095月2026 10:23:38.680] [Netty Local Client IO #0/DEBUG] [net.minecraftforge.network.LoginWrapper/FMLHANDSHAKE]: Recieved login wrapper packet event for channel fml:handshake with index 0
[095月2026 10:23:38.681] [Netty Local Client IO #0/DEBUG] [net.minecraftforge.network.LoginWrapper/FMLHANDSHAKE]: Recieved login wrapper packet event for channel fml:handshake with index 1
[095月2026 10:23:38.681] [Netty Local Client IO #0/DEBUG] [net.minecraftforge.network.HandshakeHandler/FMLHANDSHAKE]: Logging into server with mod list [minecraft, moonlight, mixinsquared, ferritecore, ldlib, photon, forge, dummmmmmy, epicfight, modernfix, photon_or_epicfight]
[095月2026 10:23:38.683] [Netty Local Client IO #0/DEBUG] [net.minecraftforge.network.NetworkRegistry/NETREGISTRY]: Channel 'fml:loginwrapper' : Version test of 'FML3' from server : ACCEPTED
[095月2026 10:23:38.683] [Netty Local Client IO #0/DEBUG] [net.minecraftforge.network.NetworkRegistry/NETREGISTRY]: Channel 'forge:tier_sorting' : Version test of '1.0' from server : ACCEPTED
[095月2026 10:23:38.683] [Netty Local Client IO #0/DEBUG] [net.minecraftforge.network.NetworkRegistry/NETREGISTRY]: Channel 'dummmmmmy:channel' : Version test of '1' from server : ACCEPTED
[095月2026 10:23:38.683] [Netty Local Client IO #0/DEBUG] [net.minecraftforge.network.NetworkRegistry/NETREGISTRY]: Channel 'minecraft:unregister' : Version test of 'FML3' from server : ACCEPTED
[095月2026 10:23:38.683] [Netty Local Client IO #0/DEBUG] [net.minecraftforge.network.NetworkRegistry/NETREGISTRY]: Channel 'fml:play' : Version test of 'FML3' from server : ACCEPTED
[095月2026 10:23:38.683] [Netty Local Client IO #0/DEBUG] [net.minecraftforge.network.NetworkRegistry/NETREGISTRY]: Channel 'epicfight:network_manager' : Version test of '1' from server : ACCEPTED
[095月2026 10:23:38.683] [Netty Local Client IO #0/DEBUG] [net.minecraftforge.network.NetworkRegistry/NETREGISTRY]: Channel 'fml:handshake' : Version test of 'FML3' from server : ACCEPTED
[095月2026 10:23:38.683] [Netty Local Client IO #0/DEBUG] [net.minecraftforge.network.NetworkRegistry/NETREGISTRY]: Channel 'modernfix:main' : Version test of '1' from server : ACCEPTED
[095月2026 10:23:38.683] [Netty Local Client IO #0/DEBUG] [net.minecraftforge.network.NetworkRegistry/NETREGISTRY]: Channel 'modernfix:ingredient_sync' : Version test of '1' from server : ACCEPTED
[095月2026 10:23:38.683] [Netty Local Client IO #0/DEBUG] [net.minecraftforge.network.NetworkRegistry/NETREGISTRY]: Channel 'ldlib:networking' : Version test of '0.0.1' from server : ACCEPTED
[095月2026 10:23:38.683] [Netty Local Client IO #0/DEBUG] [net.minecraftforge.network.NetworkRegistry/NETREGISTRY]: Channel 'minecraft:register' : Version test of 'FML3' from server : ACCEPTED
[095月2026 10:23:38.683] [Netty Local Client IO #0/DEBUG] [net.minecraftforge.network.NetworkRegistry/NETREGISTRY]: Channel 'photon:networking' : Version test of '0.0.1' from server : ACCEPTED
[095月2026 10:23:38.683] [Netty Local Client IO #0/DEBUG] [net.minecraftforge.network.NetworkRegistry/NETREGISTRY]: Channel 'forge:split' : Version test of '1.1' from server : ACCEPTED
[095月2026 10:23:38.683] [Netty Local Client IO #0/DEBUG] [net.minecraftforge.network.NetworkRegistry/NETREGISTRY]: Channel 'moonlight:channel' : Version test of '0' from server : ACCEPTED
[095月2026 10:23:38.683] [Netty Local Client IO #0/DEBUG] [net.minecraftforge.network.NetworkRegistry/NETREGISTRY]: Accepting channel list from server
[095月2026 10:23:38.683] [Netty Local Client IO #0/DEBUG] [net.minecraftforge.network.LoginWrapper/FMLHANDSHAKE]: Dispatching wrapped packet reply for channel fml:handshake with index 1
[095月2026 10:23:38.683] [Netty Local Client IO #0/DEBUG] [net.minecraftforge.network.HandshakeHandler/FMLHANDSHAKE]: Accepted server connection
[095月2026 10:23:38.683] [Netty Server IO #1/DEBUG] [net.minecraftforge.network.LoginWrapper/FMLHANDSHAKE]: Recieved login wrapper packet event for channel fml:handshake with index 1
[095月2026 10:23:38.684] [Netty Server IO #1/DEBUG] [net.minecraftforge.network.HandshakeHandler/FMLHANDSHAKE]: Received client indexed reply 1 of type net.minecraftforge.network.HandshakeMessages$C2SModListReply
[095月2026 10:23:38.684] [Netty Server IO #1/DEBUG] [net.minecraftforge.network.HandshakeHandler/FMLHANDSHAKE]: Received client connection with modlist [minecraft, moonlight, mixinsquared, ferritecore, ldlib, photon, forge, dummmmmmy, epicfight, modernfix, photon_or_epicfight]
[095月2026 10:23:38.684] [Netty Server IO #1/DEBUG] [net.minecraftforge.network.NetworkRegistry/NETREGISTRY]: Channel 'fml:loginwrapper' : Version test of 'FML3' from client : ACCEPTED
[095月2026 10:23:38.684] [Netty Server IO #1/DEBUG] [net.minecraftforge.network.NetworkRegistry/NETREGISTRY]: Channel 'forge:tier_sorting' : Version test of '1.0' from client : ACCEPTED
[095月2026 10:23:38.685] [Netty Server IO #1/DEBUG] [net.minecraftforge.network.NetworkRegistry/NETREGISTRY]: Channel 'dummmmmmy:channel' : Version test of '1' from client : ACCEPTED
[095月2026 10:23:38.685] [Netty Server IO #1/DEBUG] [net.minecraftforge.network.NetworkRegistry/NETREGISTRY]: Channel 'minecraft:unregister' : Version test of 'FML3' from client : ACCEPTED
[095月2026 10:23:38.685] [Netty Server IO #1/DEBUG] [net.minecraftforge.network.NetworkRegistry/NETREGISTRY]: Channel 'fml:play' : Version test of 'FML3' from client : ACCEPTED
[095月2026 10:23:38.685] [Netty Server IO #1/DEBUG] [net.minecraftforge.network.NetworkRegistry/NETREGISTRY]: Channel 'epicfight:network_manager' : Version test of '1' from client : ACCEPTED
[095月2026 10:23:38.685] [Netty Server IO #1/DEBUG] [net.minecraftforge.network.NetworkRegistry/NETREGISTRY]: Channel 'fml:handshake' : Version test of 'FML3' from client : ACCEPTED
[095月2026 10:23:38.685] [Netty Server IO #1/DEBUG] [net.minecraftforge.network.NetworkRegistry/NETREGISTRY]: Channel 'modernfix:main' : Version test of '1' from client : ACCEPTED
[095月2026 10:23:38.685] [Netty Server IO #1/DEBUG] [net.minecraftforge.network.NetworkRegistry/NETREGISTRY]: Channel 'modernfix:ingredient_sync' : Version test of '1' from client : ACCEPTED
[095月2026 10:23:38.685] [Netty Server IO #1/DEBUG] [net.minecraftforge.network.NetworkRegistry/NETREGISTRY]: Channel 'ldlib:networking' : Version test of '0.0.1' from client : ACCEPTED
[095月2026 10:23:38.685] [Netty Server IO #1/DEBUG] [net.minecraftforge.network.NetworkRegistry/NETREGISTRY]: Channel 'minecraft:register' : Version test of 'FML3' from client : ACCEPTED
[095月2026 10:23:38.685] [Netty Server IO #1/DEBUG] [net.minecraftforge.network.NetworkRegistry/NETREGISTRY]: Channel 'photon:networking' : Version test of '0.0.1' from client : ACCEPTED
[095月2026 10:23:38.685] [Netty Server IO #1/DEBUG] [net.minecraftforge.network.NetworkRegistry/NETREGISTRY]: Channel 'forge:split' : Version test of '1.1' from client : ACCEPTED
[095月2026 10:23:38.685] [Netty Local Client IO #0/DEBUG] [net.minecraftforge.network.HandshakeHandler/REGISTRIES]: Expecting 23 registries: [minecraft:command_argument_type, minecraft:recipe_serializer, minecraft:sound_event, minecraft:particle_type, minecraft:villager_profession, minecraft:item, minecraft:potion, minecraft:painting_variant, forge:fluid_type, epicfight:skill_data_keys, minecraft:block_entity_type, forge:display_contexts, minecraft:block, forge:entity_data_serializers, minecraft:mob_effect, minecraft:stat_type, epicfight:synched_animation_variable_keys, epicfight:conditions, minecraft:menu, minecraft:enchantment, minecraft:fluid, epicfight:skill, minecraft:entity_type]
[095月2026 10:23:38.685] [Netty Server IO #1/DEBUG] [net.minecraftforge.network.NetworkRegistry/NETREGISTRY]: Channel 'moonlight:channel' : Version test of '0' from client : ACCEPTED
[095月2026 10:23:38.685] [Netty Server IO #1/DEBUG] [net.minecraftforge.network.NetworkRegistry/NETREGISTRY]: Accepting channel list from client
[095月2026 10:23:38.685] [Netty Local Client IO #0/DEBUG] [net.minecraftforge.network.LoginWrapper/FMLHANDSHAKE]: Recieved login wrapper packet event for channel fml:handshake with index 2
[095月2026 10:23:38.685] [Netty Server IO #1/DEBUG] [net.minecraftforge.network.HandshakeHandler/FMLHANDSHAKE]: Accepted client connection mod list
[095月2026 10:23:38.685] [Netty Local Client IO #0/DEBUG] [net.minecraftforge.network.HandshakeHandler/FMLHANDSHAKE]: Received config sync from server
[095月2026 10:23:38.685] [Netty Local Client IO #0/DEBUG] [net.minecraftforge.network.LoginWrapper/FMLHANDSHAKE]: Dispatching wrapped packet reply for channel fml:handshake with index 2
[095月2026 10:23:38.685] [Netty Server IO #1/DEBUG] [net.minecraftforge.network.LoginWrapper/FMLHANDSHAKE]: Recieved login wrapper packet event for channel fml:handshake with index 2
[095月2026 10:23:38.685] [Netty Server IO #1/DEBUG] [net.minecraftforge.network.HandshakeHandler/FMLHANDSHAKE]: Received client indexed reply 2 of type net.minecraftforge.network.HandshakeMessages$C2SAcknowledge
[095月2026 10:23:38.685] [Netty Server IO #1/DEBUG] [net.minecraftforge.network.HandshakeHandler/FMLHANDSHAKE]: Received acknowledgement from client
[095月2026 10:23:38.725] [Server thread/DEBUG] [net.minecraftforge.network.HandshakeHandler/FMLHANDSHAKE]: Handshake complete!
[095月2026 10:23:38.776] [Netty Local Client IO #0/INFO] [net.minecraftforge.network.NetworkHooks/]: Connected to a modded server.
[095月2026 10:23:38.777] [Netty Local Client IO #0/DEBUG] [mixin/]: Mixing ClientPacketListenerMixin from moonlight-common.mixins.json into net.minecraft.client.multiplayer.ClientPacketListener
[095月2026 10:23:38.777] [Netty Local Client IO #0/DEBUG] [mixin/]: Mixing ClientPacketListenerMixin from ldlib-common.mixins.json into net.minecraft.client.multiplayer.ClientPacketListener
[095月2026 10:23:38.779] [Netty Local Client IO #0/DEBUG] [mixin/]: Mixing client.MixinClientPacketListener from mixins.epicfight.json into net.minecraft.client.multiplayer.ClientPacketListener
[095月2026 10:23:38.779] [Netty Local Client IO #0/DEBUG] [mixin/]: Mixing perf.suspend_integrated_server_during_load.ClientPacketListenerMixin from modernfix-modernfix.mixins.json into net.minecraft.client.multiplayer.ClientPacketListener
[095月2026 10:23:38.780] [Netty Local Client IO #0/DEBUG] [mixin/]: Renaming synthetic method lambda$detectClientLoadSentinel$0(Lnet/minecraft/network/protocol/game/ClientboundCustomPayloadPacket;)V to mdedb9e6$lambda$detectClientLoadSentinel$0$0 in modernfix-modernfix.mixins.json:perf.suspend_integrated_server_during_load.ClientPacketListenerMixin
[095月2026 10:23:38.801] [Server thread/DEBUG] [mixin/]: Mixing MixinAnimationPlayer from photon_or_epicfight.mixins.json into yesman.epicfight.api.animation.AnimationPlayer
[095月2026 10:23:38.804] [Server thread/DEBUG] [mixin/]: Mixing perf.faster_capabilities.CapabilityDispatcherMixin from modernfix-modernfix.mixins.json into net.minecraftforge.common.capabilities.CapabilityDispatcher
[095月2026 10:23:38.815] [Server thread/DEBUG] [ModernFix/]: Generating capability dispatcher #1 for types: [yesman.epicfight.world.capabilities.provider.EntityPatchProvider -> indeterminate (bytecode analysis disabled), yesman.epicfight.world.capabilities.provider.SkillCapabilityProvider -> indeterminate (bytecode analysis disabled)]
[095月2026 10:23:38.820] [Server thread/DEBUG] [mixin/]: Mixing accessor.BrainAccessor from moonlight-common.mixins.json into net.minecraft.world.entity.ai.Brain
[095月2026 10:23:38.830] [Server thread/DEBUG] [mixin/]: Mixing bugfix.recipe_book_type_desync.RecipeBookSettingsMixin from modernfix-modernfix.mixins.json into net.minecraft.stats.RecipeBookSettings
[095月2026 10:23:38.862] [Server thread/DEBUG] [mixin/]: Mixing PacketDistributorHackMixin from moonlight.mixins.json into net.minecraftforge.network.PacketDistributor
[095月2026 10:23:38.876] [Server thread/INFO] [net.minecraft.server.players.PlayerList/]: Dev[local:E:771d299f] logged in with entity id 1 at (145.2963388609251, -60.0, -30.778207410250737)
[095月2026 10:23:38.886] [Server thread/INFO] [ModernFix/]: Using enhanced recipe sync for player Dev
[095月2026 10:23:38.912] [Server thread/INFO] [net.minecraft.server.MinecraftServer/]: Dev加入了游戏
[095月2026 10:23:38.913] [Render thread/DEBUG] [mixin/]: Mixing perf.chunk_meshing.RebuildTaskMixin from modernfix-modernfix.mixins.json into net.minecraft.client.renderer.chunk.ChunkRenderDispatcher$RenderChunk$RebuildTask
[095月2026 10:23:38.913] [Render thread/DEBUG] [mixin/]: Renaming synthetic method lambda$fastBetweenClosed$0(Lnet/minecraft/core/BlockPos;)Ljava/util/Iterator; to mdedb9e6$lambda$fastBetweenClosed$0$0 in modernfix-modernfix.mixins.json:perf.chunk_meshing.RebuildTaskMixin
[095月2026 10:23:38.989] [Server thread/DEBUG] [ModernFix/]: Generating capability dispatcher #2 for types: [yesman.epicfight.world.capabilities.provider.ItemCapabilityProvider -> indeterminate (bytecode analysis disabled)]
[095月2026 10:23:39.504] [Render thread/INFO] [net.minecraft.advancements.AdvancementList/]: Loaded 10 advancements
[095月2026 10:23:39.583] [Render thread/WARN] [ModernFix/]: Time from main menu to in-game was 1.8863801 seconds
[095月2026 10:23:39.583] [Render thread/WARN] [ModernFix/]: Total time to load game and open world was 22.817379 seconds
[095月2026 10:23:53.824] [Server thread/INFO] [net.minecraft.server.MinecraftServer/]: [Dev: EpicFight 预览已开启]
[095月2026 10:23:53.828] [Render thread/INFO] [net.minecraft.client.gui.components.ChatComponent/]: [System] [CHAT] EpicFight 预览已开启
[095月2026 10:24:01.485] [Render thread/DEBUG] [mixin/]: Mixing WorldSceneRendererMixin from photon-common.mixins.json into com.lowdragmc.lowdraglib.client.scene.WorldSceneRenderer
[095月2026 10:24:01.539] [Thread-14/DEBUG] [io.netty.util.internal.ThreadLocalRandom/]: -Dio.netty.initialSeedUniquifier: 0xd079e2814bde74dc
[095月2026 10:24:03.390] [Render thread/INFO] [com.mojang.blaze3d.platform.GlDebug/]: OpenGL debug message: id=1282, source=API, type=ERROR, severity=HIGH, message='GL_INVALID_OPERATION error generated. <texture> is not the name of an existing texture.'
[095月2026 10:24:37.532] [Worker-ResourceReload-1/DEBUG] [ModernFix/]: Worker-ResourceReload-1 shutdown
[095月2026 10:24:46.807] [ForkJoinPool.commonPool-worker-1/ERROR] [epicfight/]: Error code from Epic Fight web server: <html>
<head><title>504 Gateway Time-out</title></head>
<body>
<center><h1>504 Gateway Time-out</h1></center>
</body>
</html>

[095月2026 10:25:37.533] [Worker-ResourceReload-27/DEBUG] [ModernFix/]: Worker-ResourceReload-27 shutdown
[095月2026 10:26:37.534] [Worker-ResourceReload-29/DEBUG] [ModernFix/]: Worker-ResourceReload-29 shutdown
[095月2026 10:27:37.535] [Worker-ResourceReload-23/DEBUG] [ModernFix/]: Worker-ResourceReload-23 shutdown
[095月2026 10:27:53.106] [Render thread/INFO] [net.minecraft.client.gui.components.ChatComponent/]: [System] [CHAT] clear client cache fx: 0
[095月2026 10:27:59.230] [Render thread/INFO] [net.minecraft.client.gui.components.ChatComponent/]: [System] [CHAT] 播放 photon:new_fire → [Tool_R]
[095月2026 10:28:37.535] [Worker-ResourceReload-3/DEBUG] [ModernFix/]: Worker-ResourceReload-3 shutdown
[095月2026 10:28:39.343] [Server thread/DEBUG] [net.minecraftforge.common.ForgeHooks/WP]: Gathering id map for writing to world save 新的世界
[095月2026 10:28:39.350] [Server thread/DEBUG] [net.minecraftforge.common.ForgeHooks/WP]: ID Map collection complete 新的世界
[095月2026 10:29:14.326] [Server thread/INFO] [net.minecraft.client.server.IntegratedServer/]: Saving and pausing game...
[095月2026 10:29:14.334] [Server thread/INFO] [net.minecraft.server.MinecraftServer/]: Saving chunks for level 'ServerLevel[新的世界]'/minecraft:overworld
[095月2026 10:29:14.335] [Server thread/INFO] [net.minecraft.server.MinecraftServer/]: Saving chunks for level 'ServerLevel[新的世界]'/minecraft:the_nether
[095月2026 10:29:14.336] [Server thread/INFO] [net.minecraft.server.MinecraftServer/]: Saving chunks for level 'ServerLevel[新的世界]'/minecraft:the_end
[095月2026 10:29:14.337] [Server thread/DEBUG] [net.minecraftforge.common.ForgeHooks/WP]: Gathering id map for writing to world save 新的世界
[095月2026 10:29:14.340] [Server thread/DEBUG] [net.minecraftforge.common.ForgeHooks/WP]: ID Map collection complete 新的世界
[095月2026 10:29:15.243] [Render thread/ERROR] [epicfight/]: Can't load layer file minecraft:animated_layers/player/waveycapes.json for entity.minecraft.player: dev.tr7zw.waveycapes.renderlayers.CustomCapeRenderLayer (This is develop-only message and neglectable if the resource is not belong to you)
[095月2026 10:29:15.277] [Server thread/INFO] [net.minecraft.server.network.ServerGamePacketListenerImpl/]: Dev lost connection: 连接中断
[095月2026 10:29:15.277] [Server thread/INFO] [net.minecraft.server.MinecraftServer/]: Dev退出了游戏
[095月2026 10:29:15.289] [Server thread/INFO] [net.minecraft.server.network.ServerGamePacketListenerImpl/]: Stopping singleplayer server as player logged out
[095月2026 10:29:15.335] [Server thread/INFO] [net.minecraft.server.MinecraftServer/]: Stopping server
[095月2026 10:29:15.336] [Server thread/INFO] [net.minecraft.server.MinecraftServer/]: Saving players
[095月2026 10:29:15.336] [Server thread/INFO] [net.minecraft.server.MinecraftServer/]: Saving worlds
[095月2026 10:29:15.358] [Server thread/INFO] [net.minecraft.server.MinecraftServer/]: Saving chunks for level 'ServerLevel[新的世界]'/minecraft:overworld
[095月2026 10:29:15.371] [Server thread/INFO] [net.minecraft.server.MinecraftServer/]: Saving chunks for level 'ServerLevel[新的世界]'/minecraft:the_nether
[095月2026 10:29:15.372] [Server thread/INFO] [net.minecraft.server.MinecraftServer/]: Saving chunks for level 'ServerLevel[新的世界]'/minecraft:the_end
[095月2026 10:29:15.375] [Server thread/DEBUG] [net.minecraftforge.common.ForgeHooks/WP]: Gathering id map for writing to world save 新的世界
[095月2026 10:29:15.377] [Server thread/DEBUG] [net.minecraftforge.common.ForgeHooks/WP]: ID Map collection complete 新的世界
[095月2026 10:29:15.387] [Server thread/INFO] [net.minecraft.server.MinecraftServer/]: ThreadedAnvilChunkStorage (新的世界): All chunks are saved
[095月2026 10:29:15.388] [Server thread/INFO] [net.minecraft.server.MinecraftServer/]: ThreadedAnvilChunkStorage (DIM-1): All chunks are saved
[095月2026 10:29:15.388] [Server thread/INFO] [net.minecraft.server.MinecraftServer/]: ThreadedAnvilChunkStorage (DIM1): All chunks are saved
[095月2026 10:29:15.388] [Server thread/INFO] [net.minecraft.server.MinecraftServer/]: ThreadedAnvilChunkStorage: All dimensions are saved
[095月2026 10:29:15.412] [Server thread/DEBUG] [net.minecraftforge.registries.GameData/REGISTRIES]: Reverting to FROZEN data state.
[095月2026 10:29:15.412] [Server thread/DEBUG] [net.minecraftforge.registries.ForgeRegistry/REGISTRIES]: Registry minecraft:block Sync: ACTIVE -> FROZEN
[095月2026 10:29:15.414] [Server thread/DEBUG] [net.minecraftforge.registries.ForgeRegistry/REGISTRIES]: Registry minecraft:fluid Sync: ACTIVE -> FROZEN
[095月2026 10:29:15.414] [Server thread/DEBUG] [net.minecraftforge.registries.ForgeRegistry/REGISTRIES]: Registry minecraft:item Sync: ACTIVE -> FROZEN
[095月2026 10:29:15.415] [Server thread/DEBUG] [net.minecraftforge.registries.ForgeRegistry/REGISTRIES]: Registry minecraft:mob_effect Sync: ACTIVE -> FROZEN
[095月2026 10:29:15.415] [Server thread/DEBUG] [net.minecraftforge.registries.ForgeRegistry/REGISTRIES]: Registry minecraft:sound_event Sync: ACTIVE -> FROZEN
[095月2026 10:29:15.417] [Server thread/DEBUG] [net.minecraftforge.registries.ForgeRegistry/REGISTRIES]: Registry minecraft:potion Sync: ACTIVE -> FROZEN
[095月2026 10:29:15.417] [Server thread/DEBUG] [net.minecraftforge.registries.ForgeRegistry/REGISTRIES]: Registry minecraft:enchantment Sync: ACTIVE -> FROZEN
[095月2026 10:29:15.417] [Server thread/DEBUG] [net.minecraftforge.registries.ForgeRegistry/REGISTRIES]: Registry minecraft:entity_type Sync: ACTIVE -> FROZEN
[095月2026 10:29:15.417] [Server thread/DEBUG] [net.minecraftforge.registries.ForgeRegistry/REGISTRIES]: Registry minecraft:block_entity_type Sync: ACTIVE -> FROZEN
[095月2026 10:29:15.417] [Server thread/DEBUG] [net.minecraftforge.registries.ForgeRegistry/REGISTRIES]: Registry minecraft:particle_type Sync: ACTIVE -> FROZEN
[095月2026 10:29:15.417] [Server thread/DEBUG] [net.minecraftforge.registries.ForgeRegistry/REGISTRIES]: Registry minecraft:menu Sync: ACTIVE -> FROZEN
[095月2026 10:29:15.418] [Server thread/DEBUG] [net.minecraftforge.registries.ForgeRegistry/REGISTRIES]: Registry minecraft:painting_variant Sync: ACTIVE -> FROZEN
[095月2026 10:29:15.418] [Server thread/DEBUG] [net.minecraftforge.registries.ForgeRegistry/REGISTRIES]: Registry minecraft:recipe_type Sync: ACTIVE -> FROZEN
[095月2026 10:29:15.418] [Server thread/DEBUG] [net.minecraftforge.registries.ForgeRegistry/REGISTRIES]: Registry minecraft:recipe_serializer Sync: ACTIVE -> FROZEN
[095月2026 10:29:15.418] [Server thread/DEBUG] [net.minecraftforge.registries.ForgeRegistry/REGISTRIES]: Registry minecraft:attribute Sync: ACTIVE -> FROZEN
[095月2026 10:29:15.418] [Server thread/DEBUG] [net.minecraftforge.registries.ForgeRegistry/REGISTRIES]: Registry minecraft:stat_type Sync: ACTIVE -> FROZEN
[095月2026 10:29:15.418] [Server thread/DEBUG] [net.minecraftforge.registries.ForgeRegistry/REGISTRIES]: Registry minecraft:command_argument_type Sync: ACTIVE -> FROZEN
[095月2026 10:29:15.418] [Server thread/DEBUG] [net.minecraftforge.registries.ForgeRegistry/REGISTRIES]: Registry minecraft:villager_profession Sync: ACTIVE -> FROZEN
[095月2026 10:29:15.418] [Server thread/DEBUG] [net.minecraftforge.registries.ForgeRegistry/REGISTRIES]: Registry minecraft:point_of_interest_type Sync: ACTIVE -> FROZEN
[095月2026 10:29:15.418] [Server thread/DEBUG] [net.minecraftforge.registries.ForgeRegistry/REGISTRIES]: Registry minecraft:memory_module_type Sync: ACTIVE -> FROZEN
[095月2026 10:29:15.418] [Server thread/DEBUG] [net.minecraftforge.registries.ForgeRegistry/REGISTRIES]: Registry minecraft:sensor_type Sync: ACTIVE -> FROZEN
[095月2026 10:29:15.418] [Server thread/DEBUG] [net.minecraftforge.registries.ForgeRegistry/REGISTRIES]: Registry minecraft:schedule Sync: ACTIVE -> FROZEN
[095月2026 10:29:15.418] [Server thread/DEBUG] [net.minecraftforge.registries.ForgeRegistry/REGISTRIES]: Registry minecraft:activity Sync: ACTIVE -> FROZEN
[095月2026 10:29:15.418] [Server thread/DEBUG] [net.minecraftforge.registries.ForgeRegistry/REGISTRIES]: Registry minecraft:worldgen/carver Sync: ACTIVE -> FROZEN
[095月2026 10:29:15.418] [Server thread/DEBUG] [net.minecraftforge.registries.ForgeRegistry/REGISTRIES]: Registry minecraft:worldgen/feature Sync: ACTIVE -> FROZEN
[095月2026 10:29:15.418] [Server thread/DEBUG] [net.minecraftforge.registries.ForgeRegistry/REGISTRIES]: Registry minecraft:chunk_status Sync: ACTIVE -> FROZEN
[095月2026 10:29:15.418] [Server thread/DEBUG] [net.minecraftforge.registries.ForgeRegistry/REGISTRIES]: Registry minecraft:worldgen/block_state_provider_type Sync: ACTIVE -> FROZEN
[095月2026 10:29:15.418] [Server thread/DEBUG] [net.minecraftforge.registries.ForgeRegistry/REGISTRIES]: Registry minecraft:worldgen/foliage_placer_type Sync: ACTIVE -> FROZEN
[095月2026 10:29:15.418] [Server thread/DEBUG] [net.minecraftforge.registries.ForgeRegistry/REGISTRIES]: Registry minecraft:worldgen/tree_decorator_type Sync: ACTIVE -> FROZEN
[095月2026 10:29:15.418] [Server thread/DEBUG] [net.minecraftforge.registries.ForgeRegistry/REGISTRIES]: Registry minecraft:worldgen/biome Sync: ACTIVE -> FROZEN
[095月2026 10:29:15.418] [Server thread/DEBUG] [net.minecraftforge.registries.ForgeRegistry/REGISTRIES]: Registry forge:entity_data_serializers Sync: ACTIVE -> FROZEN
[095月2026 10:29:15.418] [Server thread/DEBUG] [net.minecraftforge.registries.ForgeRegistry/REGISTRIES]: Registry forge:global_loot_modifier_serializers Sync: ACTIVE -> FROZEN
[095月2026 10:29:15.418] [Server thread/DEBUG] [net.minecraftforge.registries.ForgeRegistry/REGISTRIES]: Registry forge:biome_modifier_serializers Sync: ACTIVE -> FROZEN
[095月2026 10:29:15.418] [Server thread/DEBUG] [net.minecraftforge.registries.ForgeRegistry/REGISTRIES]: Registry forge:fluid_type Sync: ACTIVE -> FROZEN
[095月2026 10:29:15.418] [Server thread/DEBUG] [net.minecraftforge.registries.ForgeRegistry/REGISTRIES]: Registry forge:structure_modifier_serializers Sync: ACTIVE -> FROZEN
[095月2026 10:29:15.418] [Server thread/DEBUG] [net.minecraftforge.registries.ForgeRegistry/REGISTRIES]: Registry forge:holder_set_type Sync: ACTIVE -> FROZEN
[095月2026 10:29:15.418] [Server thread/DEBUG] [net.minecraftforge.registries.ForgeRegistry/REGISTRIES]: Registry forge:display_contexts Sync: ACTIVE -> FROZEN
[095月2026 10:29:15.418] [Server thread/DEBUG] [net.minecraftforge.registries.ForgeRegistry/REGISTRIES]: Registry epicfight:skill Sync: ACTIVE -> FROZEN
[095月2026 10:29:15.418] [Server thread/DEBUG] [net.minecraftforge.registries.ForgeRegistry/REGISTRIES]: Registry epicfight:conditions Sync: ACTIVE -> FROZEN
[095月2026 10:29:15.418] [Server thread/DEBUG] [net.minecraftforge.registries.ForgeRegistry/REGISTRIES]: Registry epicfight:skill_data_keys Sync: ACTIVE -> FROZEN
[095月2026 10:29:15.418] [Server thread/DEBUG] [net.minecraftforge.registries.ForgeRegistry/REGISTRIES]: Registry epicfight:synched_animation_variable_keys Sync: ACTIVE -> FROZEN
[095月2026 10:29:15.423] [Server thread/INFO] [epicfight/]: Data keys [epicfight:basic_attack_active, epicfight:combo_counter] for epicfight:basic_attack
[095月2026 10:29:15.423] [Server thread/INFO] [epicfight/]: Data keys [epicfight:penalty, epicfight:penalty_restore_counter] for epicfight:guard
[095月2026 10:29:15.423] [Server thread/INFO] [epicfight/]: Data keys [epicfight:last_active, epicfight:penalty, epicfight:parry_motion_counter, epicfight:penalty_restore_counter] for epicfight:parrying
[095月2026 10:29:15.423] [Server thread/INFO] [epicfight/]: Data keys [epicfight:penalty, epicfight:penalty_restore_counter] for epicfight:impact_guard
[095月2026 10:29:15.423] [Server thread/INFO] [epicfight/]: Data keys [epicfight:tick_record, epicfight:stacks, epicfight:resisting_damage_type] for epicfight:adaptive_skin
[095月2026 10:29:15.423] [Server thread/INFO] [epicfight/]: Data keys [epicfight:tick_record] for epicfight:adrenaline_fiend
[095月2026 10:29:15.423] [Server thread/INFO] [epicfight/]: Data keys [epicfight:entity_id, epicfight:stacks] for epicfight:bonebreaker
[095月2026 10:29:15.423] [Server thread/INFO] [epicfight/]: Data keys [epicfight:tick_record, epicfight:entity_id] for epicfight:vengeance
[095月2026 10:29:15.423] [Server thread/INFO] [epicfight/]: Data keys [epicfight:slam_protect_next_fall, epicfight:fall_distance] for epicfight:meteor_slam
[095月2026 10:29:15.423] [Server thread/INFO] [epicfight/]: Data keys [epicfight:stacks] for epicfight:revelation
[095月2026 10:29:15.423] [Server thread/INFO] [epicfight/]: Data keys [epicfight:slam_protect_next_fall] for epicfight:demolition_leap
[095月2026 10:29:15.423] [Server thread/INFO] [epicfight/]: Data keys [epicfight:jump_key_pressed_last_tick, epicfight:slam_protect_next_fall, epicfight:jump_count] for epicfight:phantom_ascent
[095月2026 10:29:15.423] [Server thread/INFO] [epicfight/]: Data keys [epicfight:last_hit_count] for epicfight:grasping_spire
[095月2026 10:29:15.423] [Server thread/INFO] [epicfight/]: Data keys [epicfight:sheath] for epicfight:battojutsu_passive
[095月2026 10:29:15.423] [Server thread/INFO] [epicfight/]: Data keys [epicfight:sheath] for epicfight:battojutsu
[095月2026 10:29:15.423] [Server thread/INFO] [epicfight/]: Data keys [epicfight:combo_counter] for epicfight:blade_rush
[095月2026 10:29:15.423] [Server thread/INFO] [epicfight/]: Data keys [epicfight:thrown_trident_entity_id] for epicfight:everlasting_allegiance
[095月2026 10:29:15.423] [Server thread/DEBUG] [net.minecraftforge.registries.ObjectHolderRegistry/REGISTRIES]: Applying holder lookups
[095月2026 10:29:15.423] [Server thread/DEBUG] [net.minecraftforge.registries.ObjectHolderRegistry/REGISTRIES]: Holder lookups applied
[095月2026 10:29:15.423] [Server thread/DEBUG] [net.minecraftforge.registries.GameData/REGISTRIES]: FROZEN state restored.
[095月2026 10:29:15.423] [Server thread/DEBUG] [net.minecraftforge.fml.config.ConfigTracker/CONFIG]: Unloading configs type SERVER
[095月2026 10:29:15.924] [Render thread/INFO] [net.minecraft.client.Minecraft/]: Stopping!
